index, number_packets_client_server, number_packets_server_client
172.16.114.169/204.71.242.42, 6, 6
172.16.113.84/128.120.134.2, 1, 1
172.16.114.207/140.147.248.9, 58, 71
172.16.115.87/207.172.3.90, 1, 1
172.16.116.194/203.26.196.3, 1, 1
172.16.114.169/204.162.80.136, 8, 8
192.168.1.10/172.16.112.50, 85, 83
172.16.113.204/152.163.210.8, 98, 119
172.16.112.207/135.8.60.182, 413, 425
172.16.114.168/205.131.175.2, 2, 2
172.16.112.194/187.187.187.187, 1, 1
172.16.114.168/130.219.34.100, 6, 6
172.16.114.168/204.152.167.20, 1, 1
172.16.114.207/207.155.125.158, 1, 1
172.16.116.201/206.161.69.114, 2, 2
172.16.117.103/206.132.25.71, 3, 3
172.16.115.5/207.46.130.139, 8, 8
172.16.117.132/204.17.6.160, 2, 2
172.16.114.168/192.5.41.239, 98, 97
192.168.1.10/172.16.113.50, 108, 93
172.16.116.194/199.94.100.2, 1, 1
172.16.116.194/165.227.192.135, 1, 1
172.16.117.132/207.68.178.148, 1, 1
172.16.112.50/195.115.218.108, 123, 116
172.16.114.168/206.132.25.71, 2, 2
172.16.112.149/205.181.112.65, 1, 1
172.16.115.87/204.250.200.22, 1, 1
172.16.114.168/128.120.237.201, 1, 1
172.16.115.5/198.3.98.74, 2, 2
172.16.112.149/205.181.112.66, 2, 2
172.16.117.52/207.77.90.200, 2, 2
172.16.115.5/209.68.8.234, 1, 1
172.16.115.234/209.1.112.251, 1, 1
172.16.115.5/204.202.129.230, 1, 1
172.16.117.52/205.169.236.247, 4, 4
172.16.113.204/209.1.31.43, 2, 2
172.16.115.87/208.134.241.204, 1, 1
172.16.115.5/208.134.246.201, 1, 1
172.16.117.132/149.174.213.38, 2, 2
172.16.114.168/129.219.30.12, 1, 1
192.168.1.10/172.16.112.194, 12, 13
172.16.115.5/207.211.106.40, 1, 1
196.37.75.158/172.16.113.84, 301, 293
172.16.115.5/198.253.187.3, 5, 5
172.16.113.105/207.25.71.145, 3, 3
172.16.117.132/207.77.90.13, 5, 5
172.16.114.168/207.25.71.145, 6, 6
172.16.114.168/208.236.141.38, 2, 2
172.16.116.194/137.245.85.134, 2, 2
172.16.115.5/198.3.98.170, 1, 1
172.16.117.132/204.123.2.93, 2, 2
172.16.115.5/209.143.198.141, 2, 2
172.16.113.84/192.208.46.102, 1, 1
172.16.112.20/196.227.33.189, 154, 159
172.16.117.111/192.225.36.3, 4, 4
172.16.114.168/207.240.40.66, 2, 2
172.16.112.149/194.27.251.21, 311, 311
172.16.114.168/128.174.95.19, 3, 3
135.13.216.191/172.16.113.50, 208, 177
195.115.218.108/172.16.112.194, 375, 371
172.16.112.207/152.163.210.8, 1, 1
172.16.115.87/128.252.130.12, 4, 4
172.16.114.168/207.68.137.69, 1, 1
172.16.114.207/198.202.75.101, 2, 2
172.16.115.87/134.205.165.120, 5, 5
172.16.112.207/209.100.88.8, 1, 1
172.16.117.111/207.46.148.250, 8, 8
172.16.117.132/209.1.112.251, 1, 1
172.16.117.132/152.163.210.53, 1, 1
172.16.114.169/206.132.25.71, 4, 4
172.16.115.5/198.60.134.51, 1, 1
172.16.117.103/207.25.71.27, 1, 1
172.16.115.87/151.193.131.5, 1, 1
172.16.114.168/206.99.218.19, 1, 1
172.16.115.87/199.95.74.90, 1, 1
172.16.117.52/165.230.116.132, 2, 2
172.16.115.87/207.68.161.39, 1, 1
172.16.116.194/209.61.101.125, 7, 7
192.168.1.10/172.16.114.148, 79, 78
172.16.117.111/132.55.120.26, 4, 4
172.16.114.207/209.130.63.160, 4, 4
172.16.117.52/205.181.211.160, 3, 3
172.16.113.105/128.200.126.12, 1, 1
172.16.113.105/209.1.28.62, 1, 1
172.16.113.105/195.166.128.64, 2, 2
172.16.116.201/152.163.210.8, 4, 4
135.8.60.182/172.16.113.50, 65, 55
172.16.117.111/204.162.156.13, 1, 1
196.37.75.158/172.16.113.50, 29, 27
172.16.116.194/152.163.210.8, 2, 2
172.16.114.168/198.11.57.54, 5, 5
172.16.117.132/205.158.31.42, 2, 2
172.16.112.194/205.181.112.122, 1, 1
172.16.115.5/198.3.99.130, 1, 1
172.16.113.204/209.43.240.171, 16, 16
172.16.116.201/152.163.212.118, 3, 3
172.16.116.201/195.166.128.64, 2, 2
172.16.113.204/204.152.167.20, 27, 42
172.16.114.148/206.132.25.71, 1, 1
172.16.114.50/197.182.91.233, 223, 214
172.16.117.52/196.37.75.158, 168, 139
172.16.113.204/128.252.130.12, 4, 4
172.16.112.149/208.212.146.2, 1, 1
172.16.114.168/209.61.101.125, 4, 4
172.16.114.168/205.232.88.166, 3, 3
172.16.116.194/205.131.175.20, 5, 5
172.16.117.52/207.68.161.39, 2, 2
172.16.117.132/207.51.123.250, 2, 2
172.16.114.207/135.13.216.191, 501, 524
172.16.114.168/207.214.25.227, 1, 1
172.16.115.5/35.9.6.4, 1, 1
172.16.117.52/192.151.11.32, 8, 8
172.16.112.149/160.79.217.102, 11, 11
172.16.113.84/187.187.187.187, 2, 2
172.16.116.201/205.228.184.153, 1, 1
172.16.113.84/208.140.130.7, 1, 1
172.16.115.234/167.8.29.16, 1, 1
172.16.116.194/192.195.23.219, 1, 1
172.16.114.168/192.208.46.158, 2, 2
172.16.114.169/208.134.246.201, 2, 2
172.16.115.87/160.147.217.23, 2, 2
172.16.115.5/199.95.74.93, 1, 1
172.16.117.111/208.215.239.71, 9, 9
172.16.117.103/129.79.254.195, 6, 6
172.16.115.5/131.151.1.19, 1, 1
172.16.114.169/207.176.252.20, 1, 1
172.16.114.169/197.182.91.233, 405, 400
196.37.75.158/172.16.112.149, 271, 263
197.182.91.233/172.16.112.50, 2266, 1224
172.16.114.168/207.77.90.13, 9, 9
172.16.117.103/128.120.237.201, 1, 1
195.115.218.108/172.16.114.207, 294, 299
172.16.115.5/206.79.179.170, 1, 1
172.16.113.105/207.60.212.194, 2, 2
172.16.115.5/206.186.200.115, 2, 2
172.16.115.5/148.184.174.31, 2, 2
172.16.113.105/207.46.130.168, 1, 1
172.16.115.87/198.69.192.43, 1, 1
172.16.114.169/208.28.204.71, 2, 2
172.16.117.111/209.3.101.137, 3, 3
172.16.113.105/129.170.38.51, 1, 1
172.16.117.103/199.183.22.2, 11, 11
172.16.116.201/198.187.3.6, 4, 4
172.16.112.149/204.146.18.33, 1, 1
172.16.113.204/209.75.51.2, 1, 1
172.16.114.168/152.163.202.133, 2, 2
172.16.116.201/205.181.112.65, 13, 13
194.27.251.21/172.16.113.84, 367, 363
172.16.117.103/192.55.114.10, 9, 9
172.16.113.105/199.183.24.253, 12, 12
172.16.113.204/209.37.163.3, 1, 1
172.16.114.168/207.25.71.37, 3, 3
172.16.113.84/204.123.2.75, 4, 4
172.16.114.168/207.46.130.168, 1, 1
172.16.113.105/152.163.212.171, 2, 2
172.16.117.52/207.46.148.250, 2, 2
172.16.116.201/207.176.252.20, 1, 1
172.16.117.103/206.19.42.11, 5, 5
172.16.113.204/205.181.112.65, 529, 567
172.16.116.22/195.73.151.50, 49, 52
172.16.114.169/195.115.218.108, 384, 391
172.16.115.87/204.123.2.93, 1, 1
172.16.113.84/206.132.25.71, 6, 6
172.16.115.234/165.254.83.124, 3, 3
172.16.115.5/129.79.254.195, 3, 3
172.16.116.201/207.87.31.72, 2, 2
172.16.112.194/129.128.4.241, 2, 2
172.16.117.132/207.82.250.251, 2, 2
172.16.112.149/194.7.248.153, 335, 335
172.16.117.52/204.162.80.45, 1, 1
135.8.60.182/172.16.114.207, 496, 483
172.16.115.87/134.205.131.29, 1, 1
172.16.117.132/205.169.236.247, 4, 4
195.115.218.108/172.16.112.207, 332, 325
172.16.113.105/204.244.193.11, 1, 1
172.16.115.87/165.247.1.13, 1, 1
172.16.115.5/198.3.99.101, 3, 3
172.16.112.149/207.46.148.250, 6, 6
172.16.115.5/206.186.200.107, 2, 2
172.16.117.103/207.18.199.6, 1, 1
172.16.113.204/152.163.212.171, 20, 20
172.16.115.5/128.143.137.29, 3, 3
172.16.117.103/205.169.236.247, 2, 2
172.16.113.204/207.60.96.119, 1, 1
172.16.113.105/152.163.210.53, 2, 2
172.16.113.84/205.181.112.182, 2, 2
172.16.116.201/192.12.64.13, 1, 1
172.16.114.169/209.73.64.121, 2, 2
172.16.114.148/198.3.99.199, 2, 2
172.16.117.132/209.125.119.116, 1, 1
172.16.112.149/137.245.85.134, 7, 7
172.16.117.103/206.196.133.98, 10, 10
172.16.112.194/196.37.75.158, 291, 306
197.182.91.233/192.168.1.20, 141, 436
172.16.115.234/131.84.1.34, 4, 4
172.16.113.105/197.218.177.69, 629, 697
172.16.115.234/205.180.60.31, 1, 1
172.16.115.5/207.235.95.4, 2, 2
172.16.112.149/207.77.90.13, 3, 3
172.16.117.52/207.77.90.73, 1, 1
172.16.117.103/205.181.112.65, 17, 17
172.16.112.207/208.221.32.46, 1, 1
172.16.112.149/131.84.1.31, 10, 10
172.16.113.105/204.71.200.128, 1, 1
172.16.115.5/136.149.133.19, 1, 1
172.16.112.149/204.202.129.230, 2, 2
172.16.114.169/207.211.106.40, 1, 1
172.16.115.87/137.245.85.134, 20, 20
172.16.115.5/207.25.71.82, 2, 2
172.16.114.168/206.243.238.248, 2, 2
172.16.117.111/152.163.210.53, 11, 10
172.16.113.105/165.227.192.135, 1, 1
172.16.116.201/204.123.2.93, 2, 2
172.16.115.5/198.3.98.70, 1, 1
172.16.112.207/205.160.191.2, 2, 2
172.16.114.207/197.218.177.69, 1489, 2102
172.16.117.111/194.17.55.67, 1, 1
172.16.113.105/167.8.29.16, 4, 4
192.168.1.10/172.16.113.204, 53, 50
172.16.117.132/194.98.7.131, 2, 2
172.16.116.194/143.158.16.69, 3, 3
172.16.115.5/206.161.232.75, 1, 1
172.16.115.87/140.148.3.27, 2, 2
172.16.116.194/151.193.131.5, 1, 1
172.16.115.87/209.70.1.161, 1, 1
172.16.117.52/206.252.29.40, 1, 1
195.115.218.108/172.16.114.168, 253, 252
195.73.151.50/172.16.113.50, 27, 27
172.16.114.168/152.163.212.171, 1, 1
172.16.115.87/130.219.4.100, 1, 1
172.16.115.5/143.158.16.69, 2, 2
172.16.115.5/165.247.1.13, 1, 1
172.16.114.168/205.181.112.114, 1, 1
172.16.114.169/207.68.161.39, 4, 4
172.16.115.5/205.168.248.2, 5, 5
172.16.115.87/209.133.35.165, 3, 3
172.16.115.5/209.49.66.74, 11, 11
172.16.114.207/143.231.86.196, 95, 154
172.16.117.52/210.173.161.135, 1, 1
172.16.113.105/206.161.69.114, 2, 2
172.16.112.194/197.218.177.69, 631, 758
172.16.115.5/208.234.18.31, 2, 2
172.16.113.105/205.153.28.61, 1, 1
172.16.117.52/209.143.212.231, 1, 1
172.16.117.103/207.68.181.154, 1, 1
172.16.114.169/206.252.29.40, 2, 2
172.16.116.201/206.217.169.205, 1, 1
172.16.116.44/208.226.198.94, 6, 6
172.16.112.149/134.205.165.120, 17, 17
172.16.113.105/206.132.10.128, 1, 1
172.16.113.204/204.123.2.93, 1, 1
172.16.117.132/209.25.45.61, 6, 6
172.16.117.52/207.25.71.145, 7, 7
172.16.117.52/204.123.2.75, 2, 2
172.16.112.194/205.181.112.65, 4, 4
172.16.117.132/208.135.9.251, 1, 1
172.16.113.105/160.96.179.12, 3, 3
172.16.114.168/152.163.210.53, 1, 1
172.16.117.132/128.192.252.5, 11, 11
172.16.117.132/205.181.112.122, 3, 3
196.37.75.158/192.168.1.20, 209, 628
172.16.114.168/198.5.167.132, 3, 3
172.16.112.20/195.115.218.108, 115, 116
172.16.113.105/204.101.251.229, 1, 1
172.16.114.169/194.7.248.153, 159, 162
135.13.216.191/172.16.114.168, 587, 550
172.16.116.194/151.193.131.9, 2, 2
172.16.117.52/205.228.184.153, 1, 1
195.73.151.50/172.16.113.204, 283, 282
172.16.113.204/208.134.246.201, 5, 4
172.16.115.234/135.13.216.191, 22, 25
172.16.113.204/206.27.130.150, 10, 10
172.16.117.103/205.185.55.49, 1, 1
172.16.112.149/206.243.238.248, 1, 1
172.16.117.132/207.25.71.145, 2, 2
172.16.114.169/192.208.46.131, 2, 2
172.16.116.201/207.171.129.136, 1, 1
172.16.115.5/137.244.199.129, 4, 4
172.16.113.204/204.162.156.13, 1, 1
172.16.112.149/129.48.28.13, 3, 3
172.16.115.5/155.223.64.2, 6, 6
172.16.114.168/143.158.16.69, 3, 3
172.16.115.87/195.200.4.18, 2, 2
172.16.117.132/209.143.228.40, 1, 1
172.16.115.87/187.187.187.187, 6, 6
172.16.115.87/206.79.179.170, 1, 1
172.16.117.52/204.202.136.230, 2, 2
172.16.115.5/206.190.33.196, 1, 1
172.16.116.194/135.13.216.191, 28, 26
172.16.116.194/206.243.238.248, 1, 1
172.16.114.169/165.230.116.132, 4, 4
172.16.116.201/208.221.32.46, 1, 1
172.16.117.103/198.3.98.99, 9, 9
172.16.117.111/209.67.3.82, 4, 4
172.16.113.204/193.130.149.130, 5, 5
172.16.114.169/152.163.210.8, 2, 2
135.8.60.182/172.16.113.84, 370, 357
172.16.115.5/199.227.120.225, 1, 1
172.16.117.103/194.229.131.1, 3, 0
172.16.117.52/209.1.112.252, 2, 2
172.16.113.204/204.189.39.2, 1, 1
172.16.112.149/166.77.13.117, 1, 1
172.16.115.87/207.87.1.51, 1, 1
172.16.116.201/204.71.200.74, 8, 8
172.16.113.105/136.149.142.178, 11, 11
172.16.115.87/199.227.120.225, 1, 1
172.16.112.194/194.7.248.153, 7700, 7039
172.16.117.103/209.8.150.31, 6, 6
172.16.115.87/204.123.2.75, 1, 1
172.16.113.105/204.71.200.74, 9, 9
172.16.114.168/205.181.112.122, 4, 4
172.16.114.168/206.19.42.11, 4, 4
172.16.116.201/134.177.3.28, 1, 1
172.16.113.84/128.120.237.201, 1, 1
172.16.114.169/207.25.71.145, 1, 1
135.13.216.191/172.16.113.84, 465, 442
172.16.116.201/192.160.127.226, 1, 1
172.16.115.5/207.25.71.90, 2, 2
172.16.117.52/207.25.71.23, 5, 5
172.16.117.52/209.166.168.20, 5, 5
172.16.117.111/151.193.131.5, 1, 1
172.16.113.105/208.215.47.101, 1, 1
172.16.113.105/207.240.40.66, 2, 2
172.16.117.111/204.17.42.16, 4, 4
172.16.116.201/207.46.130.139, 2, 2
172.16.116.201/152.163.212.171, 1, 1
172.16.115.234/207.153.7.154, 7, 7
172.16.113.105/130.39.131.177, 2, 2
172.16.117.111/204.244.193.11, 2, 2
172.16.116.201/199.172.63.64, 1, 1
172.16.115.234/205.216.146.123, 5, 5
192.168.1.10/172.16.113.105, 53, 53
172.16.115.5/192.234.101.69, 1, 1
172.16.116.201/199.95.74.90, 4, 4
172.16.116.201/204.29.20.21, 1, 1
172.16.113.204/204.250.200.20, 12, 21
172.16.112.207/207.46.130.139, 1, 1
172.16.117.52/204.162.80.136, 4, 4
172.16.112.194/152.163.210.8, 1, 1
172.16.114.169/208.226.198.46, 1, 1
172.16.114.169/156.46.46.226, 9, 9
172.16.117.132/187.187.187.187, 4, 4
172.16.113.105/131.84.1.60, 2, 2
172.16.114.168/192.168.1.20, 165, 265
172.16.113.204/151.193.131.5, 1, 1
172.16.115.5/204.71.200.74, 14, 14
196.37.75.158/172.16.114.168, 304, 304
172.16.114.169/140.90.6.254, 2, 2
172.16.115.5/207.25.71.27, 6, 6
172.16.112.20/135.8.60.182, 76, 80
172.16.115.5/206.196.140.2, 2, 2
172.16.117.52/208.134.246.201, 1, 1
172.16.117.132/206.71.77.228, 5, 5
172.16.112.207/199.95.74.90, 2, 2
194.27.251.21/172.16.113.204, 239, 237
172.16.115.87/206.71.77.228, 2, 2
172.16.113.204/192.168.1.20, 532, 896
172.16.116.201/208.201.224.18, 1, 1
172.16.117.52/208.134.241.217, 2, 2
172.16.115.5/209.1.224.12, 5, 5
172.16.116.194/205.181.115.45, 2, 2
172.16.114.168/128.120.134.2, 1, 1
172.16.115.5/204.29.144.16, 6, 6
172.16.117.103/167.8.29.15, 1, 1
172.16.112.207/207.25.71.27, 6, 6
172.16.115.87/204.152.167.20, 1, 1
172.16.113.105/129.82.100.64, 1, 1
172.16.113.84/129.128.4.241, 2, 2
172.16.117.111/208.230.48.214, 1, 1
172.16.117.111/159.142.1.202, 1, 1
172.16.115.5/171.21.80.34, 4, 4
172.16.112.207/167.8.29.16, 8, 8
172.16.114.168/151.193.131.9, 2, 2
172.16.113.84/207.32.88.29, 1, 1
172.16.114.168/208.215.239.71, 9, 9
172.16.113.105/204.140.12.228, 4, 4
172.16.116.201/208.226.198.94, 1, 1
172.16.115.5/129.79.74.155, 1, 1
172.16.117.111/207.121.185.180, 1, 1
172.16.115.87/207.240.85.75, 1, 1
172.16.112.149/207.77.90.28, 2, 2
172.16.115.5/192.41.9.232, 6, 6
172.16.113.204/207.149.188.236, 2, 2
172.16.113.84/205.200.37.91, 4, 4
172.16.116.201/207.25.71.27, 2, 2
172.16.112.149/128.138.236.18, 2, 2
172.16.113.204/209.133.35.165, 3, 3
172.16.117.111/137.78.28.58, 1, 1
172.16.116.201/205.181.112.29, 1, 1
172.16.114.169/204.29.20.21, 1, 1
172.16.115.5/205.181.112.122, 7, 7
172.16.112.149/207.33.169.43, 3, 3
172.16.113.204/205.181.112.36, 34, 49
196.37.75.158/172.16.113.105, 355, 356
172.16.112.207/135.13.216.191, 493, 512
172.16.114.168/207.25.71.27, 5, 5
172.16.114.168/204.238.155.93, 1, 1
172.16.114.168/207.82.213.72, 1, 1
172.16.115.5/130.91.72.195, 1, 1
172.16.116.201/136.149.142.178, 3, 3
172.16.114.207/208.7.181.207, 3, 3
172.16.115.87/130.219.34.100, 6, 6
172.16.117.111/194.7.248.153, 70, 61
172.16.117.52/204.123.9.72, 1, 1
172.16.114.168/206.39.184.2, 6, 6
172.16.117.111/166.77.13.117, 1, 1
172.16.117.132/204.29.20.21, 1, 1
172.16.117.111/205.160.191.2, 2, 2
172.16.115.5/207.25.71.145, 19, 19
172.16.114.169/205.181.211.160, 6, 6
172.16.116.201/204.202.136.230, 1, 1
172.16.115.234/204.71.191.32, 1, 1
172.16.113.105/206.132.25.71, 6, 6
172.16.114.168/209.3.101.136, 1, 1
172.16.113.204/207.68.181.154, 1, 1
172.16.117.132/209.143.212.231, 1, 1
172.16.117.132/168.178.54.6, 1, 1
172.16.117.52/207.68.137.69, 1, 1
172.16.113.105/207.121.188.40, 2, 2
172.16.117.103/205.200.37.91, 4, 4
172.16.115.5/152.163.212.171, 5, 5
172.16.112.149/209.100.88.8, 1, 1
172.16.117.103/205.181.112.120, 2, 2
172.16.115.5/209.22.99.13, 5, 5
172.16.117.111/209.67.183.24, 2, 2
172.16.114.168/209.66.96.8, 3, 3
172.16.116.201/194.7.248.153, 112, 101
172.16.113.105/209.1.206.128, 3, 3
172.16.117.103/205.181.112.122, 8, 8
195.115.218.108/172.16.113.50, 48, 51
172.16.114.169/205.181.112.29, 1, 1
172.16.114.207/129.52.71.92, 1, 1
172.16.114.148/137.245.85.134, 5, 5
172.16.115.5/209.132.59.207, 1, 1
172.16.113.105/205.164.196.10, 7, 7
194.27.251.21/172.16.112.50, 441, 352
172.16.114.207/207.68.137.69, 1, 1
172.16.115.87/171.21.80.34, 4, 4
172.16.113.84/204.250.200.22, 1, 1
172.16.112.207/194.7.248.153, 227, 226
172.16.113.204/204.123.2.107, 2, 2
172.16.117.132/205.168.248.10, 4, 4
172.16.116.194/207.121.190.172, 3, 3
172.16.114.168/209.1.224.12, 5, 5
172.16.117.132/209.143.228.143, 2, 2
172.16.115.5/199.185.131.62, 1, 1
172.16.117.52/207.82.250.251, 2, 2
172.16.114.169/135.8.60.182, 525, 534
172.16.116.201/206.161.69.113, 2, 2
172.16.114.168/205.181.112.65, 12, 12
172.16.115.5/208.156.32.218, 1, 1
172.16.116.201/205.181.112.36, 1, 1
172.16.113.84/207.77.90.13, 4, 4
172.16.114.207/204.162.96.20, 1, 1
172.16.114.207/152.119.106.101, 5, 5
172.16.115.87/205.181.112.65, 6, 6
172.16.114.207/207.87.26.204, 1, 1
172.16.113.84/152.163.212.171, 1, 1
172.16.113.105/197.182.91.233, 273, 294
172.16.115.5/160.147.68.21, 1, 1
172.16.114.168/207.18.199.6, 1, 1
172.16.114.168/194.7.248.153, 208, 210
172.16.114.207/208.194.115.50, 2, 2
172.16.114.148/207.25.71.27, 6, 6
172.16.113.105/134.177.3.28, 3, 3
172.16.113.105/206.186.200.107, 2, 2
172.16.117.103/209.66.96.8, 3, 3
172.16.115.5/204.146.18.33, 13, 13
172.16.115.87/204.71.177.203, 1, 1
197.182.91.233/172.16.112.194, 462, 425
172.16.117.103/134.205.165.120, 5, 5
172.16.116.194/208.230.48.214, 1, 1
172.16.113.105/204.152.167.20, 1, 1
172.16.117.111/207.155.106.5, 1, 1
172.16.115.5/206.106.185.46, 4, 4
172.16.115.87/130.157.2.213, 1, 1
172.16.113.84/167.8.29.15, 1, 1
172.16.113.105/204.202.136.230, 1, 1
172.16.116.201/206.252.29.43, 8, 8
172.16.114.168/197.218.177.69, 874, 1123
172.16.114.207/208.134.241.155, 6, 6
172.16.117.52/204.96.116.9, 11, 11
172.16.113.105/131.84.1.31, 3, 3
172.16.112.149/38.251.105.4, 3, 3
172.16.112.194/206.132.25.71, 6, 6
172.16.117.52/151.193.131.25, 3, 3
172.16.113.105/128.163.161.40, 2, 2
172.16.117.111/209.130.63.160, 4, 4
172.16.112.149/208.205.234.94, 1, 1
172.16.113.105/131.84.1.34, 10, 10
172.16.116.201/131.84.1.31, 2, 2
172.16.115.5/198.97.93.30, 3, 3
172.16.116.201/199.95.74.92, 3, 3
172.16.117.132/149.48.46.2, 1, 1
172.16.115.5/207.68.158.19, 1, 1
172.16.113.105/209.185.102.232, 2, 2
172.16.113.204/207.68.178.148, 1, 1
172.16.117.132/195.74.192.152, 3, 3
172.16.115.234/207.25.71.65, 1, 1
172.16.114.168/209.1.112.251, 1, 1
172.16.114.168/209.3.101.137, 3, 3
172.16.114.50/196.227.33.189, 143, 135
172.16.117.111/207.25.71.145, 2, 2
172.16.112.207/131.84.1.31, 5, 5
172.16.115.5/204.34.175.79, 3, 3
172.16.112.20/197.182.91.233, 78, 77
172.16.115.87/209.117.195.118, 5, 5
172.16.113.204/209.1.112.251, 5, 4
172.16.114.168/207.77.90.73, 1, 1
172.16.117.103/209.1.112.251, 2, 2
172.16.117.111/140.174.208.58, 2, 2
172.16.113.105/204.247.170.137, 1, 1
172.16.114.207/207.87.15.109, 1, 1
172.16.113.84/208.134.246.201, 1, 1
172.16.115.5/209.67.183.24, 1, 1
172.16.117.111/206.101.198.45, 2, 2
172.16.115.5/143.166.82.15, 3, 3
194.27.251.21/172.16.113.50, 120, 122
172.16.117.132/196.37.75.158, 73, 78
172.16.114.168/207.3.227.5, 1, 1
172.16.116.194/204.146.167.73, 1, 1
172.16.116.194/207.25.144.19, 1, 1
172.16.113.105/209.113.183.114, 1, 1
172.16.115.5/131.84.1.34, 10, 10
172.16.117.132/205.214.59.221, 2, 2
172.16.117.52/128.192.252.5, 10, 10
172.16.114.148/194.7.248.153, 683, 518
172.16.115.5/209.132.68.26, 2, 2
172.16.115.5/209.1.112.252, 1, 1
172.16.115.234/204.249.184.55, 5, 5
172.16.114.169/204.233.109.108, 3, 3
172.16.114.168/167.8.29.16, 5, 5
172.16.114.207/195.73.151.50, 354, 343
172.16.116.194/209.3.101.136, 1, 1
196.37.75.158/172.16.114.50, 242, 256
172.16.117.111/131.84.1.31, 10, 10
172.16.117.103/204.238.155.93, 1, 1
172.16.113.84/206.246.241.132, 1, 1
172.16.115.5/140.90.6.254, 2, 2
172.16.115.5/208.144.113.29, 4, 4
172.16.113.105/149.198.247.6, 2, 2
172.16.114.168/205.228.184.153, 1, 1
172.16.116.194/199.183.24.253, 11, 11
172.16.115.234/134.205.165.120, 96, 123
172.16.115.5/128.200.126.12, 1, 1
172.16.115.87/204.71.191.208, 1, 1
172.16.114.169/207.240.118.17, 1, 1
172.16.113.105/199.50.26.17, 2, 2
172.16.114.168/136.149.142.178, 5, 5
172.16.117.132/204.202.136.230, 2, 2
172.16.114.207/208.194.115.53, 2, 2
172.16.115.87/205.228.184.153, 1, 1
172.16.117.132/205.181.112.29, 1, 1
172.16.117.111/207.68.178.148, 1, 1
172.16.112.149/169.132.14.2, 2, 2
172.16.114.168/204.244.192.12, 1, 1
172.16.117.111/204.244.192.12, 2, 2
172.16.116.201/208.225.154.65, 3, 3
172.16.117.103/205.181.112.217, 1, 1
172.16.113.204/152.163.210.53, 3, 3
172.16.115.87/209.68.21.99, 1, 1
172.16.117.132/134.177.3.28, 1, 1
172.16.117.132/207.25.71.90, 2, 2
172.16.113.204/208.140.130.7, 112, 283
172.16.113.84/137.245.85.134, 5, 5
172.16.114.169/135.13.216.191, 522, 537
172.16.116.201/206.58.71.10, 2, 2
172.16.116.194/146.137.96.68, 3, 3
172.16.115.5/134.152.25.12, 8, 8
172.16.117.103/207.87.175.70, 4, 4
172.16.114.168/208.230.48.214, 1, 1
172.16.117.111/151.193.131.9, 2, 2
172.16.113.204/12.10.32.34, 1, 1
197.182.91.233/172.16.112.207, 281, 269
172.16.117.111/206.132.25.71, 11, 11
172.16.113.105/207.46.148.250, 3, 3
172.16.112.20/194.27.251.21, 104, 103
172.16.113.204/207.173.143.9, 1, 1
172.16.117.52/151.196.95.207, 1, 1
172.16.114.207/187.187.187.187, 1, 1
172.16.116.201/142.147.15.9, 3, 3
172.16.116.201/195.115.218.108, 42, 48
172.16.115.5/152.163.210.8, 3, 3
172.16.113.105/198.60.134.51, 1, 1
172.16.112.194/209.116.84.55, 1, 1
172.16.117.132/167.8.29.16, 3, 3
172.16.115.87/207.240.140.100, 3, 3
172.16.115.5/195.115.218.108, 43, 40
172.16.117.111/207.25.71.23, 3, 3
135.13.216.191/172.16.112.50, 72013, 37666
172.16.117.103/128.120.134.2, 1, 1
172.16.112.149/38.176.11.51, 4, 4
172.16.115.5/187.187.187.187, 4, 4
172.16.114.169/199.8.100.2, 2, 2
172.16.114.50/194.27.251.21, 1066, 1800
172.16.114.168/137.245.85.134, 17, 17
172.16.116.194/206.132.25.71, 2, 2
172.16.117.132/207.121.191.70, 4, 4
172.16.114.148/196.227.33.189, 2526, 967
172.16.116.194/205.131.175.2, 2, 2
172.16.116.44/209.1.112.251, 14, 14
172.16.114.207/207.155.106.5, 1, 1
172.16.114.168/165.227.192.135, 1, 1
172.16.113.105/209.60.43.230, 2, 2
172.16.114.168/195.200.4.18, 2, 2
172.16.116.194/206.101.198.45, 2, 2
172.16.113.204/207.32.88.29, 1, 1
172.16.114.169/129.63.152.3, 3, 3
172.16.115.5/206.184.238.129, 1, 1
172.16.113.84/208.214.174.76, 2, 2
172.16.116.194/205.181.112.66, 1, 1
172.16.113.105/209.66.124.179, 1, 1
172.16.117.132/207.240.118.17, 2, 2
172.16.114.207/192.225.36.3, 5, 5
172.16.117.132/209.43.33.81, 1, 1
172.16.117.132/207.121.191.72, 3, 3
172.16.117.52/209.73.64.121, 1, 1
172.16.115.5/208.212.212.232, 3, 3
172.16.115.87/131.84.1.31, 7, 7
172.16.115.5/204.123.2.75, 3, 3
172.16.113.84/209.66.96.8, 3, 3
172.16.112.149/209.1.224.12, 6, 6
172.16.114.168/196.227.33.189, 391, 408
172.16.113.105/199.185.131.62, 1, 1
172.16.116.194/207.46.148.250, 1, 1
172.16.112.207/129.48.28.13, 3, 3
172.16.115.234/204.71.200.74, 2, 2
172.16.115.87/143.166.82.11, 1, 1
172.16.115.5/204.251.139.35, 1, 1
172.16.115.5/207.46.148.250, 3, 3
172.16.117.111/192.254.26.2, 7, 7
172.16.117.132/210.173.161.135, 1, 1
172.16.115.5/206.155.199.203, 2, 2
172.16.117.111/208.134.241.155, 12, 12
172.16.117.111/207.82.213.72, 1, 1
172.16.117.111/198.137.240.91, 2, 2
172.16.114.207/209.68.14.202, 3, 3
172.16.116.201/140.247.197.195, 4, 4
172.16.115.5/208.221.32.46, 2, 2
194.27.251.21/192.168.1.20, 422, 1363
172.16.113.105/205.168.248.2, 2, 2
172.16.117.111/208.204.243.247, 2, 2
172.16.112.20/135.13.216.191, 108, 108
172.16.117.103/207.46.148.250, 2, 2
172.16.114.168/195.67.49.12, 6, 6
172.16.117.52/151.193.131.5, 1, 1
172.16.117.52/209.25.45.61, 7, 7
172.16.114.168/131.84.1.31, 2, 2
172.16.117.132/192.150.12.103, 3, 3
172.16.116.201/208.135.9.251, 1, 1
172.16.115.234/208.5.19.2, 1, 1
172.16.116.201/204.71.177.159, 1, 1
172.16.115.5/205.181.112.182, 1, 1
172.16.117.52/131.84.1.31, 1, 1
172.16.112.194/209.1.112.251, 1, 1
172.16.117.132/149.48.46.192, 1, 1
172.16.115.5/206.161.232.85, 4, 4
172.16.113.204/207.25.71.27, 4, 4
195.115.218.108/172.16.113.204, 282, 273
172.16.114.168/204.123.2.75, 1, 1
172.16.113.105/207.155.120.92, 1, 1
172.16.113.204/207.229.128.58, 2, 2
172.16.113.105/143.158.16.69, 3, 3
172.16.115.87/204.34.175.79, 3, 3
172.16.113.204/160.147.217.23, 2, 2
172.16.113.105/208.221.32.46, 3, 3
172.16.115.5/38.176.11.53, 1, 1
172.16.113.84/195.73.151.50, 138, 140
172.16.112.194/208.134.246.201, 1, 1
172.16.117.132/208.28.204.71, 2, 2
172.16.112.149/167.8.29.8, 1, 1
172.16.114.207/209.67.3.82, 2, 2
172.16.113.204/207.25.71.178, 11, 11
172.16.117.111/207.68.178.209, 1, 1
172.16.114.168/132.60.56.5, 1, 1
172.16.117.111/208.194.115.53, 2, 2
197.182.91.233/172.16.112.149, 299, 289
172.16.113.105/155.223.64.2, 7, 7
172.16.116.201/192.96.145.250, 1, 1
172.16.116.194/152.163.210.53, 2, 2
197.182.91.233/172.16.114.207, 390, 389
172.16.117.132/208.226.198.94, 1, 1
172.16.114.169/209.1.112.252, 1, 1
172.16.113.105/128.174.95.19, 3, 3
172.16.115.87/207.176.40.219, 1, 1
172.16.116.201/204.152.167.20, 2, 2
172.16.115.5/204.71.177.201, 5, 5
172.16.114.168/197.182.91.233, 281, 292
172.16.114.207/12.16.134.203, 10, 10
172.16.115.5/134.205.165.120, 21, 21
172.16.113.105/160.147.68.21, 1, 1
172.16.114.207/196.227.33.189, 405, 409
172.16.114.168/204.162.156.13, 1, 1
172.16.116.201/207.240.118.17, 1, 1
172.16.116.201/205.181.112.182, 1, 1
172.16.114.168/129.170.38.51, 1, 1
172.16.112.149/192.254.26.2, 7, 7
172.16.117.52/205.130.85.6, 1, 1
172.16.115.5/199.104.78.3, 7, 7
172.16.116.194/207.206.205.228, 4, 4
172.16.117.111/205.181.112.66, 1, 1
172.16.113.105/128.197.160.76, 1, 1
172.16.115.87/209.22.99.13, 1, 1
172.16.114.169/207.77.90.200, 4, 4
172.16.117.111/206.138.137.3, 1, 1
172.16.117.103/205.216.163.92, 8, 8
172.16.114.168/167.8.29.15, 1, 1
172.16.117.103/206.246.241.132, 1, 1
172.16.114.169/208.135.9.251, 2, 2
172.16.114.168/206.101.198.45, 2, 2
172.16.115.5/203.24.107.70, 3, 3
172.16.116.194/204.244.193.11, 1, 1
172.16.114.168/195.67.49.17, 3, 3
172.16.117.132/204.96.116.9, 11, 11
172.16.115.5/207.159.129.103, 1, 1
172.16.112.194/204.152.167.20, 2, 2
196.227.33.189/172.16.112.50, 1259, 730
172.16.116.194/167.8.29.16, 2, 2
172.16.117.111/199.181.172.241, 2, 2
172.16.117.111/205.181.112.65, 5, 5
172.16.113.204/207.25.71.145, 3, 3
172.16.115.5/207.121.190.172, 7, 7
172.16.115.5/209.1.206.128, 1, 1
172.16.116.201/207.244.125.85, 2, 2
172.16.117.132/209.160.40.166, 11, 11
172.16.117.103/198.3.99.130, 2, 2
172.16.115.234/207.88.220.20, 2, 2
172.16.116.201/209.100.54.65, 7, 7
172.16.115.87/209.37.163.3, 1, 1
172.16.113.105/128.197.160.43, 1, 1
172.16.113.204/198.233.40.6, 6, 6
172.16.115.5/207.68.137.69, 2, 2
172.16.112.149/198.137.240.91, 2, 2
172.16.116.201/192.74.137.5, 4, 4
172.16.113.105/204.71.177.159, 1, 1
196.37.75.158/172.16.113.204, 262, 260
172.16.114.207/196.37.75.158, 300, 300
172.16.115.87/152.163.210.8, 1, 1
172.16.113.84/209.8.150.31, 6, 6
172.16.117.111/203.26.196.3, 1, 1
172.16.113.105/207.25.71.27, 6, 6
172.16.114.148/209.1.112.251, 1, 1
172.16.112.207/137.245.85.134, 5, 5
172.16.114.168/187.187.187.187, 3, 3
172.16.117.132/207.176.252.20, 1, 1
172.16.117.103/207.25.71.145, 10, 10
172.16.113.84/195.115.218.108, 243, 254
172.16.113.105/207.68.149.15, 1, 1
172.16.115.87/207.87.25.106, 2, 2
172.16.116.194/204.71.200.74, 1, 1
172.16.112.194/208.140.130.7, 1, 1
172.16.116.194/168.178.54.6, 1, 1
172.16.113.204/197.182.91.233, 472, 509
172.16.117.52/192.208.46.131, 1, 1
192.168.1.10/172.16.112.207, 65, 66
172.16.117.103/136.149.142.178, 9, 9
172.16.112.149/148.166.28.2, 4, 4
172.16.116.201/194.98.7.131, 2, 2
172.16.116.194/146.139.240.200, 1, 1
172.16.112.149/134.131.80.9, 3, 3
172.16.116.201/137.245.85.134, 5, 5
172.16.115.5/199.172.144.24, 2, 2
172.16.115.5/209.113.183.114, 1, 1
172.16.113.105/18.85.40.26, 1, 1
172.16.115.87/194.27.251.21, 29, 33
172.16.117.111/199.76.198.54, 1, 1
172.16.116.194/207.46.130.139, 8, 8
172.16.115.5/209.60.43.230, 2, 2
172.16.116.194/194.159.251.175, 4, 4
172.16.114.168/137.78.28.58, 1, 1
172.16.116.201/128.197.160.76, 1, 1
172.16.113.204/38.165.144.107, 516, 716
172.16.113.105/208.144.113.29, 5, 5
172.16.117.132/207.25.71.27, 8, 8
172.16.113.84/194.229.131.1, 4, 0
172.16.117.132/203.97.45.15, 1, 1
172.16.113.84/205.181.112.65, 10, 10
172.16.113.204/204.71.200.74, 6, 6
172.16.115.5/129.48.195.226, 1, 1
172.16.112.194/206.27.130.150, 1, 1
172.16.116.194/208.215.239.71, 9, 9
172.16.117.52/198.3.98.99, 1, 1
172.16.113.105/204.123.2.75, 1, 1
172.16.114.168/207.46.130.139, 9, 9
172.16.115.5/167.8.29.47, 1, 1
172.16.113.105/207.178.60.131, 10, 10
172.16.117.111/209.100.88.8, 2, 2
172.16.115.5/130.207.244.26, 3, 3
172.16.114.169/187.187.187.187, 4, 4
172.16.114.168/130.219.4.100, 1, 1
172.16.117.132/209.54.53.37, 1, 1
172.16.113.84/129.128.65.22, 4, 4
172.16.117.111/38.176.11.51, 5, 5
172.16.114.207/207.211.106.40, 15, 13
172.16.116.194/208.204.243.247, 2, 2
172.16.114.168/194.17.55.211, 2, 2
172.16.117.52/168.178.54.6, 2, 2
172.16.115.5/198.3.98.99, 5, 5
172.16.116.194/194.17.55.67, 1, 1
172.16.117.132/204.233.109.108, 3, 3
172.16.117.132/208.134.241.217, 2, 2
172.16.116.201/207.178.60.131, 13, 13
172.16.113.204/209.116.84.55, 169, 257
172.16.114.169/137.245.85.134, 3, 3
172.16.113.105/209.132.68.26, 2, 2
172.16.115.5/205.181.112.65, 13, 13
172.16.114.207/204.202.129.247, 7, 7
172.16.113.204/209.185.162.35, 1, 1
172.16.117.103/206.196.140.2, 4, 4
172.16.113.84/206.19.42.11, 4, 4
172.16.115.5/137.245.85.134, 8, 8
172.16.116.194/194.17.55.211, 2, 2
172.16.113.204/207.46.130.139, 1, 1
172.16.113.105/198.97.93.30, 3, 3
172.16.114.168/198.105.232.108, 1, 1
172.16.112.194/204.250.200.22, 1, 1
172.16.117.52/205.168.248.10, 4, 4
172.16.116.201/207.158.238.107, 3, 3
172.16.114.148/197.218.177.69, 4052, 1486
172.16.114.168/195.73.151.50, 214, 214
135.8.60.182/172.16.114.148, 800, 933
172.16.113.204/205.181.112.122, 5, 5
172.16.112.207/198.137.240.91, 2, 2
172.16.114.168/198.5.167.131, 5, 5
172.16.115.5/192.55.114.10, 4, 4
172.16.112.149/204.146.167.73, 1, 1
172.16.112.207/142.58.111.2, 1, 1
172.16.117.132/199.117.160.119, 1, 1
195.73.151.50/172.16.113.105, 166, 165
172.16.115.5/209.61.101.125, 7, 7
172.16.116.201/209.185.102.232, 2, 2
172.16.117.103/194.95.218.132, 1, 1
172.16.113.105/168.178.54.6, 1, 1
172.16.117.132/194.175.173.177, 1, 1
209.12.13.144/172.16.112.50, 5038, 3827
172.16.114.169/204.202.129.230, 1, 1
172.16.116.194/207.25.71.145, 5, 5
172.16.117.52/151.193.131.15, 13, 13
172.16.112.149/187.187.187.187, 2, 2
172.16.117.132/208.134.241.222, 2, 2
172.16.114.169/199.95.74.90, 4, 4
172.16.115.87/206.39.184.2, 6, 6
172.16.114.207/206.132.25.71, 12, 12
172.16.117.103/206.52.27.11, 4, 4
172.16.115.5/206.196.133.98, 5, 5
172.16.115.234/206.137.188.7, 11, 11
172.16.117.103/192.208.46.158, 2, 2
172.16.113.105/129.48.28.13, 1, 1
172.16.117.103/209.41.37.233, 1, 1
172.16.117.52/204.123.2.107, 3, 3
172.16.112.207/194.27.251.21, 510, 520
172.16.114.168/207.68.181.154, 1, 1
172.16.117.111/207.87.15.109, 1, 1
172.16.115.5/192.150.12.103, 4, 4
172.16.117.132/208.226.198.46, 1, 1
195.115.218.108/172.16.113.105, 237, 232
172.16.113.204/196.227.33.189, 345, 350
172.16.117.132/205.228.184.61, 1, 1
172.16.115.87/207.68.137.69, 1, 1
172.16.114.168/209.19.139.185, 1, 1
172.16.116.201/206.111.60.162, 1, 1
172.16.117.52/207.77.90.12, 1, 1
172.16.116.194/205.181.112.65, 2, 2
172.16.115.87/208.161.192.130, 1, 1
172.16.116.201/137.78.28.58, 1, 1
172.16.114.207/199.181.172.241, 3, 3
172.16.117.111/207.155.125.158, 1, 1
172.16.115.5/199.95.74.90, 1, 1
172.16.115.5/204.71.242.42, 6, 6
172.16.114.169/208.226.198.94, 1, 1
172.16.113.204/137.245.85.134, 166, 182
172.16.116.194/209.1.224.12, 9, 9
172.16.115.87/207.90.176.12, 5, 5
172.16.114.50/195.73.151.50, 74, 67
172.16.112.20/197.218.177.69, 66, 69
172.16.113.204/195.152.37.59, 1, 1
172.16.116.194/199.95.74.90, 56, 70
172.16.115.87/207.77.90.13, 3, 3
172.16.115.87/207.159.129.103, 1, 1
172.16.113.105/207.25.71.149, 1, 1
172.16.117.103/198.11.57.54, 5, 5
172.16.116.194/206.184.238.129, 1, 1
172.16.112.207/205.181.112.65, 1, 1
172.16.113.105/206.29.22.111, 2, 2
172.16.114.169/195.73.151.50, 279, 278
172.16.114.169/209.19.139.185, 2, 2
172.16.116.194/199.95.73.221, 1, 1
196.227.33.189/172.16.113.105, 185, 179
172.16.112.149/207.46.130.139, 1, 1
172.16.114.169/131.84.1.31, 3, 3
172.16.114.168/135.8.60.182, 417, 431
172.16.117.132/208.137.11.126, 1, 1
172.16.115.5/139.72.190.30, 3, 3
172.16.112.149/199.95.74.90, 1, 1
197.218.177.69/172.16.114.50, 36, 40
172.16.113.84/194.7.248.153, 173, 180
172.16.114.207/131.84.1.31, 4, 4
172.16.114.169/194.98.7.131, 2, 2
172.16.115.5/204.152.167.226, 2, 2
172.16.117.103/148.184.174.31, 4, 4
172.16.116.201/205.181.112.122, 5, 5
172.16.115.87/207.46.130.139, 1, 1
172.16.113.105/205.181.112.65, 2, 2
172.16.112.207/197.218.177.69, 964, 1452
172.16.113.105/209.1.112.251, 1, 1
172.16.112.149/205.160.191.2, 2, 2
172.16.116.194/207.51.123.250, 1, 1
172.16.115.234/195.67.49.12, 2, 2
172.16.112.149/206.132.25.71, 1, 1
172.16.115.87/207.149.188.236, 2, 2
172.16.114.168/151.193.131.5, 1, 1
172.16.115.5/208.226.198.94, 1, 1
172.16.114.168/194.229.131.1, 3, 0
172.16.113.105/199.45.202.160, 2, 2
172.16.113.84/136.149.142.178, 3, 3
172.16.118.30/209.12.13.144, 5180, 6138
172.16.117.103/198.105.232.108, 1, 1
172.16.113.204/204.250.200.22, 6, 7
172.16.117.132/134.205.165.120, 1, 1
172.16.113.84/196.227.33.189, 223, 229
172.16.114.168/209.3.101.30, 1, 1
172.16.112.194/196.227.33.189, 175, 179
172.16.114.169/194.27.251.21, 374, 363
172.16.113.84/209.85.124.166, 2, 2
172.16.116.201/152.163.210.53, 3, 3
172.16.117.132/205.181.112.65, 7, 7
172.16.117.132/205.228.184.153, 1, 1
172.16.115.5/208.216.18.69, 1, 1
172.16.117.103/192.208.46.102, 1, 1
172.16.117.111/142.58.111.2, 1, 1
172.16.117.103/208.147.89.39, 1, 1
172.16.114.169/134.177.3.28, 1, 1
172.16.113.105/204.29.144.200, 7, 7
172.16.117.132/209.1.112.252, 2, 2
135.13.216.191/172.16.112.194, 417, 402
196.227.33.189/172.16.113.50, 94, 84
172.16.117.111/209.3.101.136, 1, 1
172.16.114.148/194.27.251.21, 1203, 993
172.16.117.103/208.201.252.114, 2, 2
172.16.113.105/207.68.137.69, 1, 1
172.16.114.169/204.123.2.93, 1, 1
172.16.114.169/208.147.89.70, 3, 3
172.16.112.194/129.128.65.22, 5, 5
172.16.112.194/135.8.60.182, 435, 443
172.16.115.5/199.181.172.241, 4, 4
196.37.75.158/172.16.112.207, 373, 365
172.16.112.207/205.181.112.66, 1, 1
172.16.112.207/196.227.33.189, 251, 255
172.16.113.105/152.163.212.118, 3, 3
192.168.1.10/172.16.114.169, 15, 14
172.16.114.169/203.18.51.47, 14, 14
172.16.113.84/192.208.46.158, 2, 2
172.16.113.204/207.87.128.114, 5, 5
192.168.1.10/172.16.114.168, 127, 120
172.16.116.194/134.205.165.120, 19, 19
172.16.112.207/152.163.212.112, 11, 11
172.16.114.168/205.181.112.66, 1, 1
172.16.114.148/197.182.91.233, 1220, 1102
172.16.112.207/128.32.195.46, 2, 2
172.16.116.194/207.46.130.168, 1, 1
172.16.114.169/204.162.80.45, 2, 2
172.16.115.5/208.147.89.70, 4, 4
172.16.115.234/205.182.52.70, 2, 2
172.16.115.87/204.123.2.107, 1, 1
172.16.117.132/205.130.85.6, 1, 1
172.16.115.5/205.169.236.247, 1, 1
195.73.151.50/172.16.114.148, 1064, 2494
172.16.113.84/192.168.1.20, 733, 1204
172.16.115.87/209.49.66.74, 9, 9
172.16.117.52/152.163.210.8, 1, 1
172.16.112.149/199.95.74.93, 1, 1
172.16.113.105/135.13.216.191, 654, 665
172.16.113.105/198.253.187.3, 6, 6
172.16.113.204/187.187.187.187, 8, 8
172.16.113.84/209.116.84.55, 1, 1
172.16.115.87/206.33.210.10, 1, 1
172.16.117.132/206.132.25.71, 7, 7
172.16.113.204/205.181.112.46, 20, 19
172.16.115.5/204.123.2.93, 1, 1
172.16.112.20/196.37.75.158, 54, 54
172.16.115.5/208.215.47.101, 1, 1
172.16.114.169/206.155.199.203, 2, 2
172.16.114.169/128.8.10.29, 2, 2
172.16.114.169/207.46.148.250, 6, 6
172.16.115.234/198.76.128.246, 1, 1
172.16.112.149/139.72.190.30, 4, 4
172.16.117.52/187.187.187.187, 4, 4
172.16.116.201/207.178.60.136, 2, 2
172.16.117.132/207.25.71.23, 5, 5
172.16.112.194/137.245.85.134, 4, 4
194.7.248.153/192.168.1.20, 541, 1757
172.16.116.201/199.242.194.176, 1, 1
172.16.117.103/204.123.2.75, 3, 3
172.16.113.204/206.132.25.71, 687, 884
172.16.117.103/192.111.219.6, 4, 4
172.16.116.194/194.7.248.153, 59, 67
172.16.115.87/167.8.29.16, 1, 1
172.16.115.234/131.84.1.31, 14, 14
172.16.117.103/205.147.50.59, 1, 1
172.16.113.105/194.27.251.21, 309, 305
172.16.117.111/209.1.224.12, 5, 5
172.16.114.169/206.105.64.163, 2, 2
172.16.114.169/209.166.168.20, 10, 10
172.16.115.87/208.226.198.94, 1, 1
172.16.116.194/209.3.101.137, 3, 3
172.16.113.204/199.94.100.2, 1, 1
172.16.115.87/207.25.71.86, 1, 1
172.16.114.169/151.196.95.207, 2, 2
172.16.112.149/207.121.185.180, 1, 1
172.16.113.204/204.71.191.208, 1, 1
172.16.113.50/197.218.177.69, 284, 448
196.37.75.158/172.16.114.169, 423, 407
172.16.113.105/205.228.184.153, 1, 1
172.16.114.50/194.7.248.153, 281, 269
172.16.113.105/203.24.107.70, 2, 2
172.16.117.132/205.228.184.152, 1, 1
172.16.114.207/209.1.112.251, 1, 1
172.16.117.132/199.242.194.176, 1, 1
172.16.114.168/198.3.99.199, 1, 1
172.16.117.52/196.227.33.189, 60, 66
172.16.112.149/208.228.229.225, 6, 6
172.16.116.201/204.233.109.108, 3, 3
172.16.116.194/207.82.213.72, 1, 1
172.16.115.5/209.19.139.185, 3, 3
172.16.115.5/204.146.167.73, 2, 2
172.16.113.105/187.187.187.187, 3, 3
172.16.117.52/207.25.71.27, 3, 3
172.16.117.52/206.105.64.163, 2, 2
172.16.114.168/203.26.196.3, 1, 1
172.16.114.207/207.124.103.8, 1, 1
172.16.113.105/202.139.249.250, 1, 1
172.16.113.105/207.121.188.105, 1, 1
195.73.151.50/172.16.112.50, 1093, 644
172.16.117.103/205.216.163.90, 3, 3
172.16.112.149/195.73.151.50, 95, 97
172.16.117.132/204.123.2.75, 9, 9
172.16.116.201/205.180.57.98, 2, 2
172.16.116.201/207.25.71.145, 5, 5
172.16.114.148/205.181.112.66, 3, 3
172.16.114.168/208.204.243.247, 2, 2
172.16.114.207/207.120.40.249, 1, 1
172.16.114.168/192.208.46.102, 1, 1
172.16.113.105/207.46.130.139, 15, 15
172.16.113.105/204.29.144.16, 6, 6
172.16.117.111/206.243.238.248, 1, 1
172.16.117.52/208.134.241.222, 2, 2
172.16.117.132/207.46.142.37, 1, 1
172.16.116.201/204.216.12.20, 1, 1
172.16.114.168/206.246.241.132, 1, 1
172.16.115.5/207.211.130.15, 1, 1
172.16.112.149/206.214.219.102, 1, 1
172.16.116.201/207.51.123.250, 2, 2
196.37.75.158/172.16.114.148, 857, 1005
172.16.117.132/209.143.215.156, 1, 1
172.16.117.103/202.185.245.10, 3, 3
172.16.117.103/204.162.80.140, 1, 1
172.16.117.132/207.46.148.250, 2, 2
172.16.113.84/207.25.71.27, 1, 1
172.16.115.87/152.163.212.171, 1, 1
172.16.114.148/135.13.216.191, 1359, 1149
172.16.115.87/207.68.149.15, 3, 3
172.16.115.5/207.77.90.13, 10, 10
172.16.112.149/128.32.195.46, 2, 2
172.16.115.5/192.111.219.6, 2, 2
172.16.115.5/205.181.112.36, 1, 1
172.16.117.132/209.20.130.37, 3, 3
172.16.114.207/207.158.250.102, 5, 5
172.16.115.87/204.71.200.74, 7, 7
172.16.116.201/207.211.106.40, 1, 1
172.16.114.168/199.183.24.253, 12, 12
172.16.113.105/209.1.224.12, 4, 4
172.16.117.132/199.242.23.2, 1, 1
172.16.114.169/207.51.123.250, 2, 2
197.218.177.69/172.16.113.204, 647, 551
172.16.115.5/202.139.249.250, 1, 1
172.16.113.84/134.205.165.120, 3, 3
172.16.114.169/192.96.145.250, 1, 1
172.16.117.132/192.96.145.4, 7, 7
172.16.117.111/208.194.115.139, 1, 1
172.16.113.84/207.214.25.227, 1, 1
172.16.115.5/208.134.241.222, 2, 2
192.168.1.10/172.16.112.149, 38, 41
172.16.115.234/136.149.142.178, 10, 10
172.16.115.5/206.71.77.228, 2, 2
172.16.114.207/134.205.165.120, 156, 224
172.16.114.207/208.219.145.70, 1, 1
172.16.113.105/206.186.200.115, 2, 2
172.16.115.5/192.12.64.13, 1, 1
172.16.117.103/207.46.130.139, 1, 1
172.16.115.87/204.250.200.20, 4, 4
172.16.117.103/167.8.29.16, 2, 2
172.16.115.87/195.152.37.59, 1, 1
172.16.113.84/207.18.199.6, 1, 1
172.16.115.87/207.25.71.178, 11, 11
172.16.114.168/206.33.210.10, 1, 1
172.16.113.105/204.244.192.12, 1, 1
194.27.251.21/172.16.114.207, 314, 312
172.16.113.204/135.13.216.191, 495, 509
172.16.115.5/206.132.25.71, 5, 5
172.16.117.111/209.132.40.55, 2, 2
172.16.116.194/209.3.101.139, 1, 1
172.16.114.168/194.27.251.21, 389, 393
172.16.117.52/206.132.25.71, 4, 4
172.16.113.204/136.149.142.178, 2, 2
172.16.114.169/192.151.11.32, 14, 14
172.16.115.5/206.132.10.128, 1, 1
172.16.113.105/12.6.71.100, 1, 1
172.16.117.132/204.123.2.107, 3, 3
172.16.112.149/195.115.218.108, 186, 191
172.16.115.234/204.71.200.243, 1, 1
172.16.112.149/196.227.33.189, 328, 325
172.16.115.5/208.201.252.114, 1, 1
172.16.115.87/205.232.88.166, 3, 3
172.16.113.105/199.95.74.92, 3, 3
172.16.115.5/207.46.131.143, 1, 1
172.16.114.169/209.100.54.65, 7, 7
172.16.114.207/207.158.198.172, 6, 6
172.16.115.5/199.185.131.55, 1, 1
172.16.115.87/209.185.162.35, 1, 1
172.16.117.103/195.11.145.252, 1, 1
172.16.115.87/207.25.71.145, 4, 4
172.16.114.168/207.68.149.15, 1, 1
172.16.114.207/140.174.208.58, 2, 2
172.16.114.207/207.25.71.27, 3, 3
172.16.113.105/134.205.165.120, 15, 15
172.16.114.207/209.1.224.12, 275, 296
172.16.112.207/204.123.2.75, 8, 8
172.16.117.103/199.104.78.3, 16, 16
172.16.116.201/206.132.25.71, 7, 7
172.16.117.52/207.77.90.13, 10, 10
172.16.116.201/134.205.165.120, 10, 10
172.16.117.132/142.147.15.9, 3, 3
172.16.115.87/136.149.142.178, 2, 2
172.16.113.105/208.9.156.175, 1, 1
172.16.114.168/207.8.225.130, 1, 1
172.16.116.201/130.39.131.177, 1, 1
172.16.112.50/196.37.75.158, 66, 64
172.16.114.207/199.72.15.157, 1, 1
172.16.115.5/205.153.28.61, 2, 2
172.16.117.132/209.185.105.80, 1, 1
172.16.112.149/167.8.29.16, 12, 12
172.16.116.201/204.123.2.75, 4, 4
172.16.112.207/207.46.148.250, 6, 6
172.16.112.149/204.123.2.75, 1, 1
172.16.116.201/204.71.200.128, 1, 1
172.16.117.132/192.96.145.250, 1, 1
172.16.117.103/204.146.18.33, 10, 10
172.16.117.111/204.71.188.152, 5, 5
172.16.113.105/207.235.95.4, 2, 2
172.16.117.103/207.158.237.174, 6, 6
172.16.113.105/204.123.2.93, 1, 1
172.16.117.52/167.8.29.16, 1, 1
172.16.114.207/207.46.148.250, 1, 1
172.16.112.207/166.77.13.117, 1, 1
172.16.117.111/204.140.12.242, 1, 1
172.16.115.234/207.120.161.190, 7, 7
172.16.115.5/209.70.1.161, 1, 1
172.16.114.207/207.77.90.13, 3, 3
172.16.114.168/198.5.167.3, 1, 1
172.16.114.207/209.132.40.55, 2, 2
172.16.117.52/209.143.215.156, 1, 1
172.16.114.168/207.60.212.194, 2, 2
172.16.114.168/207.176.40.219, 1, 1
172.16.115.87/207.159.136.28, 3, 3
197.218.177.69/172.16.114.169, 853, 736
172.16.115.5/136.149.142.178, 12, 12
172.16.115.87/129.48.28.13, 6, 6
172.16.116.194/204.244.192.12, 1, 1
172.16.115.5/135.8.60.182, 44, 50
172.16.116.201/187.187.187.187, 3, 3
172.16.117.111/208.7.181.207, 3, 3
172.16.114.148/207.25.71.145, 1, 1
172.16.115.5/129.63.152.3, 3, 3
194.7.248.153/172.16.113.204, 287, 281
172.16.113.105/208.216.18.69, 1, 1
172.16.117.52/205.214.59.221, 2, 2
172.16.116.201/205.228.184.152, 1, 1
172.16.115.5/208.216.182.15, 1, 1
172.16.117.103/207.214.25.227, 1, 1
135.13.216.191/172.16.114.50, 226, 245
172.16.116.201/199.45.202.160, 2, 2
172.16.117.103/197.218.177.69, 22, 25
172.16.113.105/207.25.71.90, 2, 2
172.16.115.87/207.77.90.73, 1, 1
172.16.115.5/207.211.128.15, 1, 1
172.16.112.149/207.25.71.27, 2, 2
172.16.114.168/208.28.204.71, 1, 1
172.16.117.111/207.60.166.93, 3, 3
172.16.115.5/205.181.112.120, 1, 1
172.16.116.194/137.78.28.58, 1, 1
172.16.115.234/207.238.21.16, 1, 1
172.16.117.111/192.195.23.219, 1, 1
172.16.116.201/208.226.198.46, 1, 1
172.16.116.194/205.219.138.154, 2, 2
172.16.114.169/204.123.2.75, 3, 3
172.16.114.148/198.3.98.160, 1, 1
172.16.115.87/129.48.195.226, 1, 1
172.16.117.103/194.200.207.49, 4, 4
172.16.117.132/192.254.26.2, 1, 1
172.16.113.204/206.99.246.5, 6, 6
172.16.117.111/209.61.101.125, 4, 4
172.16.113.84/206.27.130.150, 1, 1
172.16.113.84/152.163.210.8, 3, 3
172.16.113.105/207.8.225.130, 1, 1
172.16.117.132/207.126.101.188, 1, 1
172.16.116.201/208.28.204.71, 2, 2
172.16.114.168/209.107.25.151, 1, 1
172.16.113.105/209.19.139.185, 1, 1
172.16.117.111/152.163.210.8, 294, 299
172.16.115.87/204.141.25.78, 9, 9
172.16.112.207/195.73.151.50, 191, 191
172.16.116.201/209.67.19.194, 1, 1
172.16.113.204/129.128.65.22, 31, 42
172.16.117.132/139.72.190.30, 2, 2
192.168.1.10/172.16.114.207, 50, 54
172.16.114.168/204.244.193.11, 2, 2
172.16.113.204/208.134.241.204, 1, 1
172.16.113.204/205.158.6.17, 4, 4
172.16.114.169/205.228.184.152, 1, 1
172.16.114.50/195.115.218.108, 80, 77
172.16.117.111/152.163.212.171, 40, 34
172.16.117.52/207.46.130.139, 4, 4
172.16.115.5/128.8.10.29, 2, 2
172.16.112.194/207.77.90.13, 4, 4
172.16.117.111/205.219.138.154, 2, 2
172.16.117.52/199.95.74.90, 3, 3
172.16.117.52/207.25.71.90, 2, 2
172.16.114.168/209.3.101.139, 1, 1
172.16.117.132/137.245.85.134, 7, 7
172.16.116.194/129.170.38.51, 1, 1
172.16.113.105/207.25.71.178, 2, 2
172.16.117.111/209.68.14.202, 3, 3
172.16.117.52/203.18.51.47, 7, 7
172.16.116.201/209.24.19.166, 1, 1
172.16.113.105/208.234.18.31, 2, 2
172.16.114.168/205.181.112.217, 1, 1
172.16.114.148/207.46.148.250, 1, 1
172.16.114.168/204.71.180.10, 5, 5
172.16.114.168/208.202.26.194, 2, 2
172.16.115.5/207.87.175.70, 2, 2
172.16.113.105/152.163.212.127, 2, 2
172.16.115.5/165.247.199.62, 1, 1
172.16.115.234/207.90.195.6, 2, 2
172.16.117.103/207.77.90.13, 13, 13
172.16.114.207/194.7.248.153, 231, 220
172.16.114.168/205.219.138.154, 2, 2
172.16.114.168/209.85.124.166, 2, 2
172.16.115.5/204.177.61.2, 3, 3
135.8.60.182/172.16.113.105, 217, 209
172.16.117.132/206.217.169.205, 1, 1
172.16.114.207/199.76.198.54, 1, 1
172.16.114.168/207.158.194.140, 1, 1
172.16.114.207/207.60.166.93, 3, 3
172.16.113.105/207.87.31.72, 2, 2
172.16.117.111/207.46.142.37, 1, 1
172.16.117.111/207.25.71.27, 12, 12
172.16.114.169/142.147.15.9, 3, 3
172.16.116.194/204.146.18.33, 1, 1
172.16.117.52/205.228.184.61, 1, 1
172.16.113.105/199.95.74.90, 1, 1
172.16.115.87/207.201.138.189, 5, 5
172.16.115.87/12.10.32.34, 1, 1
172.16.117.111/12.9.217.10, 1, 1
172.16.112.149/204.71.200.74, 2, 2
172.16.117.52/151.193.131.9, 3, 3
172.16.115.234/140.174.208.135, 6, 6
172.16.112.194/207.32.88.29, 1, 1
172.16.114.169/192.96.145.4, 7, 7
172.16.112.207/207.121.185.180, 1, 1
172.16.112.207/152.163.210.53, 1, 1
172.16.115.5/156.46.46.226, 9, 9
194.7.248.153/172.16.113.50, 39, 35
172.16.117.103/204.71.200.190, 2, 2
172.16.114.169/204.251.139.35, 1, 1
172.16.117.111/197.182.91.233, 59, 67
172.16.117.132/209.100.54.65, 7, 7
172.16.115.5/204.71.177.179, 1, 1
172.16.115.5/198.69.192.43, 1, 1
172.16.117.111/167.8.29.16, 3, 3
172.16.113.105/207.244.125.85, 2, 2
172.16.115.234/204.152.167.20, 1, 1
172.16.113.84/38.165.144.107, 5, 5
172.16.112.149/142.58.111.2, 1, 1
172.16.113.84/152.163.210.53, 2, 2
172.16.116.194/207.25.71.27, 2, 2
172.16.114.168/204.71.200.74, 4, 4
172.16.117.52/209.1.112.251, 2, 2
172.16.113.84/197.218.177.69, 466, 774
172.16.113.204/207.77.90.12, 27, 33
172.16.114.168/205.231.210.13, 6, 6
172.16.115.5/204.71.200.190, 1, 1
172.16.117.111/198.93.24.27, 1, 1
172.16.115.5/152.163.212.127, 4, 4
172.16.117.52/204.117.137.231, 1, 1
172.16.115.5/206.52.27.11, 2, 2
172.16.115.87/207.25.71.27, 4, 4
172.16.115.5/199.8.100.2, 2, 2
172.16.113.204/129.128.4.241, 70, 101
172.16.113.105/208.156.32.218, 1, 1
172.16.115.5/204.152.167.20, 8, 8
172.16.117.103/199.181.172.241, 8, 8
197.182.91.233/172.16.113.84, 318, 321
172.16.113.105/199.95.74.94, 1, 1
172.16.117.111/208.194.115.50, 2, 2
172.16.115.5/152.163.210.53, 4, 4
172.16.117.103/204.152.167.20, 1, 1
172.16.114.168/207.159.136.28, 3, 3
172.16.115.5/208.131.162.161, 1, 1
172.16.114.207/207.168.8.10, 1, 1
172.16.113.84/205.181.112.122, 4, 4
172.16.117.132/204.117.137.231, 1, 1
172.16.115.5/206.16.140.4, 1, 1
172.16.114.168/208.214.174.76, 2, 2
172.16.117.132/198.3.98.99, 1, 1
172.16.116.194/187.187.187.187, 1, 1
172.16.114.169/207.46.130.139, 100, 118
172.16.113.204/204.71.177.203, 1, 1
172.16.114.148/195.115.218.108, 825, 738
172.16.115.87/139.72.190.30, 3, 3
135.8.60.182/172.16.113.204, 385, 380
172.16.114.169/204.152.167.20, 2, 2
172.16.115.5/204.101.251.229, 1, 1
172.16.113.105/192.9.24.116, 5, 5
172.16.114.207/205.181.112.114, 1, 1
172.16.116.201/206.29.22.111, 2, 2
172.16.114.207/207.109.149.40, 1, 1
172.16.114.148/204.123.2.75, 4, 4
172.16.115.234/207.36.80.170, 1, 1
172.16.117.111/128.32.195.46, 2, 2
172.16.113.105/207.25.71.37, 2, 2
172.16.114.148/167.8.29.16, 12, 12
172.16.115.5/208.9.156.175, 1, 1
172.16.113.105/137.244.199.129, 2, 2
172.16.117.103/131.151.1.19, 2, 2
172.16.117.103/207.229.186.60, 5, 5
172.16.113.84/209.1.112.251, 2, 2
172.16.116.194/207.8.225.130, 1, 1
172.16.115.234/207.211.106.40, 31, 28
172.16.114.169/205.181.112.122, 3, 3
172.16.113.105/199.172.144.24, 1, 1
194.7.248.153/172.16.113.105, 165, 163
172.16.112.194/195.73.151.50, 321, 322
172.16.117.52/204.123.2.93, 1, 1
172.16.113.105/208.131.162.161, 1, 1
172.16.115.5/207.201.138.189, 5, 5
172.16.115.5/131.84.1.31, 21, 21
197.218.177.69/172.16.112.50, 1247, 769
172.16.115.5/199.95.74.94, 1, 1
172.16.114.168/168.178.54.6, 1, 1
172.16.116.194/128.174.95.19, 3, 3
172.16.115.234/209.1.224.12, 328, 370
172.16.116.201/143.166.82.134, 1, 1
172.16.115.87/205.181.112.122, 2, 2
172.16.113.105/152.163.210.8, 3, 3
172.16.113.84/207.68.181.154, 1, 1
172.16.116.194/167.24.103.4, 1, 1
172.16.115.5/204.29.144.200, 7, 7
172.16.113.105/207.178.60.136, 2, 2
172.16.112.20/194.7.248.153, 64, 65
172.16.115.87/152.163.210.53, 4, 4
172.16.117.132/12.9.217.10, 2, 2
172.16.112.50/194.7.248.153, 72, 69
172.16.117.132/165.227.194.60, 5, 5
172.16.114.148/129.48.28.13, 1, 1
172.16.116.194/140.247.197.195, 1, 1
172.16.115.5/208.224.175.19, 1, 1
172.16.114.207/137.245.85.134, 10, 10
172.16.113.105/152.175.1.197, 1, 1
172.16.114.169/206.217.169.205, 1, 1
172.16.114.207/208.194.115.139, 1, 1
172.16.113.204/207.149.73.206, 92, 113
172.16.117.103/206.15.106.89, 1, 1
172.16.115.5/199.9.11.241, 2, 2
172.16.113.105/137.245.85.134, 10, 10
172.16.112.207/192.254.26.2, 7, 7
172.16.117.103/204.71.178.121, 1, 1
172.16.115.5/167.8.29.16, 3, 3
172.16.117.111/129.48.28.13, 3, 3
172.16.114.169/207.82.250.251, 1, 1
172.16.114.169/199.242.194.176, 1, 1
172.16.113.105/208.134.241.222, 1, 1
172.16.114.168/209.8.150.31, 6, 6
197.182.91.233/172.16.113.50, 117, 99
172.16.117.103/199.95.74.92, 1, 1
172.16.116.194/207.60.212.194, 2, 2
172.16.116.194/199.95.74.93, 1, 1
172.16.117.52/209.143.215.163, 2, 2
172.16.114.168/199.95.74.90, 6, 6
172.16.112.149/197.218.177.69, 1332, 3367
172.16.114.168/208.134.241.220, 1, 1
172.16.115.234/131.39.128.61, 3, 3
172.16.113.105/207.158.238.107, 3, 3
172.16.117.103/208.214.174.76, 2, 2
172.16.115.5/207.82.250.251, 1, 1
172.16.114.169/130.91.72.195, 1, 1
172.16.114.168/192.195.23.219, 1, 1
135.8.60.182/172.16.112.149, 418, 408
172.16.114.168/207.135.62.104, 1, 1
172.16.114.169/205.181.112.65, 5, 5
194.27.251.21/172.16.112.194, 12498, 14779
172.16.114.169/209.1.112.251, 7, 7
172.16.115.5/131.84.1.60, 2, 2
172.16.113.84/192.12.64.13, 1, 1
172.16.113.84/167.8.29.16, 6, 6
172.16.115.234/187.187.187.187, 1, 1
172.16.117.103/208.134.246.201, 2, 2
172.16.117.52/206.71.77.228, 5, 5
172.16.116.194/204.162.156.13, 1, 1
172.16.115.5/18.85.40.26, 1, 1
172.16.112.20/195.73.151.50, 52, 52
172.16.116.201/128.197.160.43, 1, 1
172.16.114.207/140.139.57.153, 1, 1
172.16.115.5/152.175.1.197, 1, 1
172.16.112.194/38.165.144.107, 5, 5
172.16.117.111/199.95.74.90, 6, 6
172.16.113.84/204.152.167.20, 3, 3
172.16.117.111/198.202.75.101, 2, 2
172.16.117.132/152.163.210.8, 5, 5
172.16.114.148/136.149.142.178, 15, 15
172.16.114.169/129.79.74.155, 1, 1
172.16.117.111/194.17.55.211, 2, 2
172.16.115.5/206.64.127.143, 1, 1
172.16.113.84/207.46.130.139, 1, 1
172.16.114.169/206.184.238.129, 2, 2
172.16.115.234/209.61.101.125, 1, 1
172.16.114.168/134.205.165.120, 4, 4
172.16.117.111/205.131.175.2, 2, 2
135.8.60.182/172.16.114.50, 145, 154
172.16.113.105/205.181.112.66, 1, 1
172.16.117.111/209.3.101.139, 1, 1
172.16.115.5/209.1.112.251, 5, 5
172.16.116.201/192.96.145.4, 8, 8
172.16.116.194/209.19.139.185, 1, 1
172.16.114.168/194.17.55.67, 1, 1
172.16.114.207/198.93.24.27, 1, 1
172.16.114.168/209.204.216.36, 1, 1
172.16.115.234/208.147.89.70, 1, 1
172.16.117.132/204.152.167.20, 1, 1
172.16.113.84/204.238.155.93, 1, 1
172.16.117.111/209.3.101.30, 1, 1
172.16.116.201/209.1.112.251, 2, 2
172.16.117.103/207.121.190.172, 14, 14
135.8.60.182/172.16.112.50, 1095, 659
172.16.115.87/206.40.199.51, 2, 2
196.227.33.189/192.168.1.20, 189, 608
172.16.115.87/207.68.181.154, 1, 1
172.16.113.204/207.87.25.106, 3, 3
172.16.113.84/198.11.57.54, 5, 5
172.16.114.207/206.138.137.3, 1, 1
172.16.113.105/199.9.11.241, 2, 2
172.16.114.169/196.227.33.189, 466, 472
172.16.114.207/204.140.12.242, 1, 1
172.16.113.84/205.181.112.217, 1, 1
135.13.216.191/172.16.112.149, 524, 516
172.16.112.149/204.71.177.217, 3, 3
172.16.113.105/206.161.69.113, 2, 2
172.16.113.105/192.168.1.20, 170, 283
172.16.113.204/134.205.165.120, 6, 6
172.16.114.168/206.184.238.129, 1, 1
172.16.117.111/137.245.85.134, 7, 7
172.16.112.194/209.1.31.43, 2, 2
172.16.117.111/206.184.238.129, 2, 2
172.16.117.132/209.143.215.163, 2, 2
172.16.116.194/209.3.101.30, 1, 1
172.16.113.84/209.1.31.43, 2, 2
172.16.114.207/207.68.178.209, 1, 1
172.16.115.87/206.243.238.248, 1, 1
172.16.113.105/128.169.92.17, 4, 4
172.16.113.105/199.185.131.55, 1, 1
172.16.117.111/208.219.145.70, 1, 1
172.16.115.5/207.90.176.12, 5, 5
172.16.115.5/134.205.131.29, 1, 1
172.16.115.5/194.27.251.21, 55, 49
172.16.114.168/205.200.37.91, 4, 4
172.16.113.105/206.252.29.43, 7, 7
172.16.113.204/207.77.90.13, 161, 183
192.168.1.20/192.168.1.10, 5, 4
172.16.117.103/208.224.175.19, 2, 2
172.16.113.84/205.181.112.36, 1, 1
172.16.117.111/208.6.210.55, 1, 1
172.16.116.194/207.68.149.15, 1, 1
192.168.1.10/172.16.114.50, 18, 19
172.16.117.111/207.77.90.13, 13, 13
172.16.113.84/198.105.232.108, 1, 1
172.16.116.201/205.164.196.10, 7, 7
172.16.117.103/35.9.6.4, 2, 2
172.16.115.234/207.68.137.69, 1, 1
172.16.117.103/187.187.187.187, 1, 1
172.16.115.87/205.180.57.98, 1, 1
172.16.112.207/38.176.11.51, 4, 4
172.16.116.194/207.240.40.66, 2, 2
172.16.117.103/209.85.124.166, 2, 2
172.16.113.105/209.67.19.194, 1, 1
