index, bytes_client_server, bytes_server_client
172.16.113.204/207.229.128.58, 88, 80
172.16.114.169/207.211.106.40, 44, 40
172.16.113.84/198.105.232.108, 44, 40
195.73.151.50/172.16.113.204, 27861, 30263
172.16.114.207/207.124.103.8, 44, 40
172.16.113.105/206.132.10.128, 44, 40
172.16.115.5/208.212.212.232, 132, 120
172.16.113.105/129.82.100.64, 44, 40
172.16.113.105/209.60.43.230, 88, 80
172.16.117.52/207.46.148.250, 88, 80
172.16.115.234/209.1.224.12, 33879, 202192
172.16.117.132/208.137.11.126, 44, 40
172.16.115.5/204.71.177.201, 220, 200
172.16.115.5/206.190.33.196, 44, 40
172.16.114.168/209.66.96.8, 132, 120
172.16.115.5/208.131.162.161, 44, 40
172.16.117.132/194.175.173.177, 44, 40
172.16.113.84/208.134.246.201, 44, 40
172.16.117.111/194.17.55.67, 44, 40
135.8.60.182/172.16.112.50, 63963, 46499
172.16.114.168/206.184.238.129, 44, 40
172.16.114.168/207.3.227.5, 44, 40
172.16.112.149/196.227.33.189, 39218, 34968
172.16.114.168/195.200.4.18, 88, 80
172.16.112.20/195.73.151.50, 8942, 3428
135.8.60.182/172.16.114.148, 66613, 296208
172.16.112.194/207.77.90.13, 176, 160
172.16.112.149/199.95.74.93, 44, 40
172.16.114.169/209.1.112.251, 453, 477
172.16.117.132/204.123.2.75, 396, 360
172.16.117.52/209.143.215.156, 44, 40
172.16.113.204/207.25.71.178, 484, 440
172.16.116.194/206.243.238.248, 44, 40
172.16.115.87/204.250.200.22, 44, 40
172.16.116.201/192.12.64.13, 44, 40
172.16.116.194/143.158.16.69, 132, 120
172.16.115.87/140.148.3.27, 88, 80
172.16.117.111/207.60.166.93, 132, 120
172.16.115.234/134.205.165.120, 9247, 87189
172.16.115.5/207.211.106.40, 44, 40
172.16.115.5/207.87.175.70, 88, 80
172.16.117.52/207.25.71.145, 308, 280
172.16.117.103/205.169.236.247, 88, 80
172.16.113.105/204.71.200.74, 396, 360
172.16.112.149/167.8.29.16, 528, 480
172.16.114.169/205.181.112.122, 132, 120
192.168.1.10/172.16.113.105, 10022, 3470
172.16.112.149/199.95.74.90, 44, 40
172.16.117.111/209.3.101.137, 132, 120
172.16.117.103/205.181.112.122, 352, 320
172.16.113.105/207.46.130.168, 44, 40
172.16.114.207/207.168.8.10, 44, 40
172.16.114.169/209.73.64.121, 88, 80
172.16.117.103/128.120.237.201, 44, 40
172.16.113.105/208.156.32.218, 44, 40
172.16.114.169/192.96.145.250, 44, 40
195.73.151.50/172.16.112.50, 52176, 39632
172.16.116.194/204.162.156.13, 44, 40
194.7.248.153/192.168.1.20, 27776, 129197
172.16.113.105/136.149.142.178, 484, 440
172.16.113.84/206.246.241.132, 44, 40
172.16.114.168/128.174.95.19, 132, 120
172.16.114.168/204.123.2.75, 44, 40
172.16.117.52/208.134.246.201, 44, 40
172.16.113.84/129.128.4.241, 88, 80
172.16.116.194/204.71.200.74, 44, 40
172.16.117.52/208.134.241.217, 88, 80
172.16.112.207/137.245.85.134, 220, 200
172.16.115.5/209.68.8.234, 44, 40
172.16.113.50/197.218.177.69, 13328, 132540
172.16.117.52/207.25.71.27, 132, 120
172.16.114.148/167.8.29.16, 528, 480
197.218.177.69/172.16.114.50, 4080, 2592
172.16.114.168/134.205.165.120, 176, 160
172.16.117.111/207.68.178.148, 44, 40
172.16.117.103/129.79.254.195, 264, 240
172.16.116.194/205.131.175.20, 220, 200
172.16.112.149/134.205.165.120, 748, 680
172.16.114.169/204.123.2.75, 132, 120
172.16.112.149/207.25.71.27, 88, 80
172.16.115.5/209.22.99.13, 220, 200
172.16.117.111/208.194.115.139, 44, 40
172.16.115.87/204.123.2.107, 44, 40
172.16.115.87/209.22.99.13, 44, 40
172.16.116.194/205.131.175.2, 88, 80
172.16.117.103/206.246.241.132, 44, 40
172.16.115.5/207.90.176.12, 220, 200
172.16.116.194/204.244.192.12, 44, 40
172.16.113.105/209.1.112.251, 44, 40
172.16.113.84/205.181.112.122, 176, 160
172.16.117.103/206.132.25.71, 132, 120
172.16.117.132/209.1.112.251, 44, 40
172.16.116.201/152.163.210.53, 132, 120
135.13.216.191/172.16.114.168, 83641, 72053
172.16.116.194/206.132.25.71, 88, 80
172.16.115.5/208.147.89.70, 176, 160
172.16.113.204/38.165.144.107, 48054, 540173
172.16.114.207/206.138.137.3, 44, 40
172.16.114.50/196.227.33.189, 10034, 10049
172.16.117.103/206.19.42.11, 220, 200
172.16.115.5/208.201.252.114, 44, 40
172.16.113.105/137.244.199.129, 88, 80
172.16.115.5/207.25.71.90, 88, 80
172.16.117.52/165.230.116.132, 88, 80
135.8.60.182/172.16.113.105, 34414, 16377
172.16.115.87/207.201.138.189, 220, 200
172.16.116.201/206.161.69.113, 88, 80
172.16.115.87/131.84.1.31, 308, 280
172.16.114.207/152.119.106.101, 220, 200
172.16.114.168/204.162.156.13, 44, 40
172.16.113.84/207.25.71.27, 44, 40
172.16.117.52/196.227.33.189, 2705, 21747
172.16.114.168/205.219.138.154, 88, 80
196.227.33.189/192.168.1.20, 11083, 48730
172.16.114.169/206.155.199.203, 88, 80
172.16.113.204/204.123.2.93, 44, 40
172.16.114.207/209.1.224.12, 27121, 125722
172.16.114.169/134.177.3.28, 44, 40
172.16.117.52/207.77.90.73, 44, 40
172.16.114.169/203.18.51.47, 616, 560
172.16.114.207/187.187.187.187, 44, 40
172.16.116.194/192.195.23.219, 44, 40
172.16.117.111/152.163.210.8, 23524, 127540
172.16.115.234/204.249.184.55, 220, 200
172.16.117.52/209.25.45.61, 308, 280
172.16.117.111/192.195.23.219, 44, 40
172.16.113.105/209.113.183.114, 44, 40
172.16.114.168/209.61.101.125, 176, 160
172.16.117.111/207.155.106.5, 44, 40
172.16.114.148/209.1.112.251, 44, 40
172.16.117.103/167.8.29.15, 44, 40
172.16.112.149/166.77.13.117, 44, 40
135.13.216.191/172.16.112.149, 82439, 62732
172.16.116.201/140.247.197.195, 176, 160
172.16.114.207/207.25.71.27, 132, 120
172.16.117.103/205.200.37.91, 176, 160
172.16.115.5/204.177.61.2, 132, 120
172.16.117.132/205.228.184.153, 44, 40
172.16.115.87/134.205.131.29, 44, 40
196.37.75.158/172.16.114.169, 43983, 71487
172.16.115.234/207.211.106.40, 3437, 2572
209.12.13.144/172.16.112.50, 203986, 1161594
172.16.114.169/209.100.54.65, 308, 280
172.16.117.111/209.3.101.30, 44, 40
172.16.114.50/197.182.91.233, 24360, 35012
172.16.115.5/207.25.71.27, 264, 240
172.16.115.5/134.205.131.29, 44, 40
172.16.117.52/205.130.85.6, 44, 40
172.16.112.207/131.84.1.31, 220, 200
172.16.117.111/207.25.71.23, 132, 120
172.16.116.194/207.206.205.228, 176, 160
172.16.115.5/207.211.130.15, 44, 40
172.16.115.87/207.172.3.90, 44, 40
172.16.115.5/207.68.137.69, 88, 80
194.7.248.153/172.16.113.50, 7112, 2188
172.16.112.149/206.243.238.248, 44, 40
172.16.113.204/209.75.51.2, 44, 40
172.16.117.111/194.7.248.153, 2942, 17092
172.16.115.5/207.46.130.139, 352, 320
172.16.113.84/167.8.29.16, 264, 240
172.16.113.84/208.214.174.76, 88, 80
172.16.117.132/168.178.54.6, 44, 40
172.16.114.168/196.227.33.189, 62162, 34007
172.16.115.234/209.61.101.125, 44, 40
135.8.60.182/172.16.112.149, 53207, 41054
172.16.115.5/208.216.182.15, 44, 40
172.16.114.169/195.73.151.50, 30104, 30230
172.16.115.5/209.132.59.207, 44, 40
172.16.113.105/197.182.91.233, 27108, 55972
172.16.113.204/152.163.212.171, 1932, 3834
172.16.117.111/209.68.14.202, 132, 120
172.16.117.103/199.181.172.241, 352, 320
172.16.117.103/204.146.18.33, 440, 400
172.16.115.87/130.219.34.100, 264, 240
172.16.113.105/204.101.251.229, 44, 40
172.16.115.5/137.244.199.129, 176, 160
172.16.114.169/192.151.11.32, 616, 560
172.16.113.84/192.168.1.20, 39101, 87370
172.16.117.111/208.7.181.207, 132, 120
172.16.112.149/128.138.236.18, 88, 80
172.16.115.5/148.184.174.31, 88, 80
172.16.117.132/204.117.137.231, 44, 40
172.16.114.207/208.194.115.139, 44, 40
172.16.112.194/204.152.167.20, 88, 80
172.16.112.149/139.72.190.30, 176, 160
172.16.113.105/137.245.85.134, 440, 400
172.16.117.132/134.205.165.120, 44, 40
172.16.117.132/192.96.145.250, 44, 40
172.16.114.168/206.39.184.2, 264, 240
172.16.112.149/204.71.200.74, 88, 80
172.16.114.169/205.181.211.160, 264, 240
172.16.117.132/149.48.46.2, 44, 40
172.16.115.5/209.143.198.141, 88, 80
172.16.112.194/209.1.112.251, 44, 40
172.16.114.168/209.8.150.31, 264, 240
172.16.116.201/206.58.71.10, 88, 80
192.168.1.10/172.16.112.149, 7512, 2645
172.16.113.105/207.46.130.139, 660, 600
172.16.112.149/167.8.29.8, 44, 40
192.168.1.10/172.16.114.50, 2873, 1277
172.16.115.5/205.153.28.61, 88, 80
172.16.112.149/169.132.14.2, 88, 80
172.16.116.194/209.3.101.136, 44, 40
172.16.115.87/207.149.188.236, 88, 80
172.16.117.111/209.132.40.55, 88, 80
172.16.115.234/131.84.1.34, 176, 160
172.16.113.204/205.181.112.65, 51889, 250140
172.16.117.103/204.152.167.20, 44, 40
172.16.116.194/205.181.112.66, 44, 40
172.16.115.234/140.174.208.135, 264, 240
172.16.114.169/207.68.161.39, 176, 160
172.16.117.52/204.117.137.231, 44, 40
195.115.218.108/172.16.113.204, 32327, 27535
172.16.113.105/135.13.216.191, 72125, 98856
172.16.117.52/206.252.29.40, 44, 40
196.37.75.158/172.16.112.149, 34788, 26780
172.16.116.201/192.74.137.5, 176, 160
172.16.117.103/192.208.46.158, 88, 80
172.16.117.132/149.48.46.192, 44, 40
172.16.117.52/206.105.64.163, 88, 80
172.16.112.20/135.13.216.191, 20220, 7134
172.16.114.168/192.208.46.158, 88, 80
172.16.117.52/152.163.210.8, 44, 40
172.16.117.111/137.78.28.58, 44, 40
172.16.113.105/134.205.165.120, 660, 600
172.16.112.194/196.37.75.158, 40754, 31091
172.16.113.204/160.147.217.23, 88, 80
172.16.117.103/187.187.187.187, 44, 40
172.16.116.194/135.13.216.191, 1234, 4022
172.16.112.207/207.25.71.27, 264, 240
172.16.117.111/208.204.243.247, 88, 80
172.16.114.207/204.202.129.247, 652, 427
172.16.112.20/194.7.248.153, 11975, 4274
172.16.114.169/207.25.71.145, 44, 40
172.16.117.111/198.202.75.101, 88, 80
172.16.112.207/205.181.112.66, 44, 40
172.16.114.168/206.99.218.19, 44, 40
172.16.114.168/207.82.213.72, 44, 40
172.16.114.169/129.63.152.3, 132, 120
172.16.112.207/135.8.60.182, 38099, 57576
172.16.114.169/199.95.74.90, 176, 160
172.16.113.204/206.132.25.71, 70005, 583192
172.16.116.201/208.28.204.71, 88, 80
172.16.117.132/207.68.178.148, 44, 40
172.16.115.87/207.159.136.28, 132, 120
172.16.113.105/128.174.95.19, 132, 120
172.16.113.105/198.60.134.51, 44, 40
172.16.113.204/128.252.130.12, 176, 160
195.73.151.50/172.16.114.148, 62454, 2610778
172.16.115.87/205.228.184.153, 44, 40
172.16.113.84/207.214.25.227, 44, 40
172.16.117.132/205.181.112.65, 308, 280
172.16.113.84/209.66.96.8, 132, 120
172.16.117.132/205.130.85.6, 44, 40
172.16.114.168/207.25.71.27, 220, 200
172.16.113.204/209.37.163.3, 44, 40
172.16.116.201/205.180.57.98, 88, 80
172.16.113.84/209.1.31.43, 88, 80
172.16.113.105/205.153.28.61, 44, 40
195.115.218.108/172.16.113.105, 26478, 21468
172.16.117.103/199.183.22.2, 484, 440
172.16.112.207/192.254.26.2, 308, 280
172.16.116.201/206.132.25.71, 308, 280
172.16.117.103/207.214.25.227, 44, 40
172.16.115.234/205.180.60.31, 44, 40
172.16.116.194/140.247.197.195, 44, 40
172.16.115.5/199.181.172.241, 176, 160
172.16.113.84/128.120.134.2, 44, 40
172.16.115.87/152.163.210.53, 176, 160
172.16.113.84/205.181.112.182, 88, 80
172.16.114.168/207.240.40.66, 88, 80
172.16.113.105/152.163.212.171, 88, 80
172.16.114.148/198.3.99.199, 88, 80
172.16.117.52/205.228.184.61, 44, 40
172.16.115.5/160.147.68.21, 44, 40
172.16.117.103/205.181.112.65, 748, 680
172.16.116.201/208.201.224.18, 44, 40
172.16.112.194/206.132.25.71, 264, 240
172.16.115.5/167.8.29.16, 132, 120
172.16.113.105/199.50.26.17, 88, 80
172.16.115.5/140.90.6.254, 88, 80
172.16.114.168/198.105.232.108, 44, 40
172.16.115.5/205.181.112.120, 44, 40
172.16.113.105/204.29.144.200, 308, 280
172.16.114.168/168.178.54.6, 44, 40
172.16.115.87/167.8.29.16, 44, 40
172.16.115.5/155.223.64.2, 264, 240
172.16.117.132/204.152.167.20, 44, 40
172.16.116.201/152.163.212.171, 44, 40
172.16.113.105/204.71.177.159, 44, 40
172.16.113.204/129.128.4.241, 6635, 71278
172.16.113.105/209.1.224.12, 176, 160
172.16.115.5/204.123.2.75, 132, 120
172.16.113.105/204.202.136.230, 44, 40
172.16.117.111/209.67.183.24, 88, 80
172.16.114.207/204.162.96.20, 44, 40
172.16.117.52/206.71.77.228, 220, 200
172.16.117.132/207.77.90.13, 220, 200
172.16.116.194/165.227.192.135, 44, 40
172.16.113.105/207.87.31.72, 88, 80
172.16.113.204/204.71.177.203, 44, 40
172.16.114.168/203.26.196.3, 44, 40
172.16.113.105/199.172.144.24, 44, 40
172.16.114.50/195.73.151.50, 10196, 5205
195.115.218.108/172.16.114.207, 32833, 51653
172.16.114.207/207.68.137.69, 44, 40
172.16.115.5/204.29.144.200, 308, 280
172.16.115.5/204.152.167.20, 352, 320
172.16.117.132/207.46.142.37, 44, 40
172.16.113.84/209.8.150.31, 264, 240
172.16.113.204/204.71.200.74, 264, 240
172.16.113.84/38.165.144.107, 220, 200
172.16.113.105/207.240.40.66, 88, 80
172.16.113.105/209.1.28.62, 44, 40
135.8.60.182/172.16.114.50, 20846, 13601
172.16.113.105/207.25.71.145, 132, 120
172.16.115.87/207.77.90.13, 132, 120
172.16.115.234/204.152.167.20, 44, 40
172.16.117.111/198.137.240.91, 88, 80
172.16.113.204/205.181.112.36, 3067, 44850
172.16.115.87/204.152.167.20, 44, 40
172.16.112.149/207.77.90.28, 88, 80
172.16.113.105/155.223.64.2, 308, 280
172.16.115.234/207.25.71.65, 44, 40
172.16.115.5/206.132.10.128, 44, 40
172.16.112.149/207.121.185.180, 44, 40
172.16.117.132/207.51.123.250, 88, 80
172.16.112.207/152.163.210.8, 44, 40
172.16.115.5/192.55.114.10, 176, 160
172.16.115.5/143.166.82.15, 132, 120
172.16.117.132/204.123.2.93, 88, 80
172.16.117.103/192.111.219.6, 176, 160
172.16.115.5/209.1.224.12, 220, 200
172.16.115.5/152.163.212.171, 220, 200
172.16.117.52/204.96.116.9, 484, 440
172.16.112.20/196.227.33.189, 25308, 10405
172.16.117.103/198.3.98.99, 396, 360
172.16.113.105/203.24.107.70, 88, 80
192.168.1.10/172.16.113.50, 17376, 6345
172.16.117.103/207.68.181.154, 44, 40
172.16.113.204/193.130.149.130, 220, 200
172.16.115.87/205.181.112.65, 264, 240
172.16.115.234/198.76.128.246, 44, 40
172.16.117.52/209.1.112.251, 88, 80
172.16.116.194/204.244.193.11, 44, 40
172.16.113.105/199.183.24.253, 528, 480
172.16.114.168/128.120.237.201, 44, 40
172.16.112.20/135.8.60.182, 14586, 5210
172.16.117.111/166.77.13.117, 44, 40
172.16.115.5/208.224.175.19, 44, 40
172.16.114.148/197.182.91.233, 337759, 111010
172.16.113.105/205.181.112.65, 88, 80
172.16.115.5/198.3.98.170, 44, 40
172.16.116.194/137.78.28.58, 44, 40
172.16.112.194/129.128.4.241, 88, 80
172.16.114.168/205.181.112.122, 176, 160
172.16.117.103/205.181.112.217, 44, 40
172.16.114.207/207.158.198.172, 264, 240
172.16.114.169/194.98.7.131, 88, 80
172.16.116.201/187.187.187.187, 132, 120
172.16.116.201/207.25.71.27, 88, 80
172.16.113.204/195.152.37.59, 44, 40
172.16.113.204/207.87.128.114, 489, 895
172.16.115.87/207.77.90.73, 44, 40
172.16.115.5/128.200.126.12, 44, 40
172.16.117.103/207.229.186.60, 220, 200
172.16.113.84/152.163.210.8, 132, 120
172.16.116.201/207.87.31.72, 88, 80
172.16.116.201/204.216.12.20, 44, 40
172.16.114.169/140.90.6.254, 88, 80
172.16.116.194/199.95.73.221, 44, 40
172.16.117.111/206.138.137.3, 44, 40
172.16.113.204/199.94.100.2, 44, 40
172.16.114.168/206.19.42.11, 176, 160
172.16.114.169/207.77.90.200, 176, 160
172.16.114.168/206.246.241.132, 44, 40
172.16.117.52/192.151.11.32, 352, 320
172.16.115.5/203.24.107.70, 132, 120
196.37.75.158/172.16.113.204, 41310, 22717
172.16.115.5/18.85.40.26, 44, 40
172.16.115.234/204.71.200.243, 44, 40
172.16.115.5/206.79.179.170, 44, 40
172.16.115.87/208.161.192.130, 44, 40
172.16.115.87/160.147.217.23, 88, 80
172.16.112.149/204.123.2.75, 44, 40
172.16.112.149/207.33.169.43, 132, 120
172.16.116.201/194.7.248.153, 5726, 36244
172.16.117.132/199.117.160.119, 44, 40
172.16.115.234/167.8.29.16, 44, 40
135.13.216.191/172.16.112.194, 74587, 36775
172.16.115.5/205.181.112.182, 44, 40
172.16.112.207/167.8.29.16, 352, 320
172.16.113.84/209.116.84.55, 44, 40
172.16.117.52/207.77.90.13, 440, 400
172.16.114.168/206.101.198.45, 88, 80
172.16.116.194/205.181.115.45, 88, 80
172.16.115.5/209.1.112.252, 44, 40
172.16.117.111/208.230.48.214, 44, 40
172.16.116.201/136.149.142.178, 132, 120
172.16.115.5/208.226.198.94, 44, 40
172.16.115.87/152.163.212.171, 44, 40
172.16.115.5/130.207.244.26, 132, 120
172.16.115.87/199.227.120.225, 44, 40
172.16.113.84/194.7.248.153, 16773, 21638
172.16.115.5/204.34.175.79, 132, 120
172.16.113.84/198.11.57.54, 220, 200
172.16.115.5/206.186.200.107, 88, 80
172.16.113.84/207.68.181.154, 44, 40
172.16.117.132/167.8.29.16, 132, 120
172.16.117.132/205.228.184.61, 44, 40
172.16.115.5/204.71.177.179, 44, 40
172.16.117.52/207.82.250.251, 88, 80
172.16.117.111/205.131.175.2, 88, 80
172.16.116.201/195.166.128.64, 88, 80
172.16.115.87/204.71.191.208, 44, 40
172.16.117.132/204.123.2.107, 132, 120
172.16.117.103/209.41.37.233, 44, 40
172.16.116.194/207.240.40.66, 88, 80
172.16.117.111/209.67.3.82, 176, 160
172.16.115.5/129.63.152.3, 132, 120
172.16.116.201/204.152.167.20, 88, 80
172.16.112.20/197.218.177.69, 10102, 4450
172.16.114.168/130.219.4.100, 44, 40
172.16.117.132/207.176.252.20, 44, 40
172.16.114.148/204.123.2.75, 176, 160
172.16.114.207/209.130.63.160, 176, 160
172.16.113.105/198.253.187.3, 264, 240
172.16.115.5/128.8.10.29, 88, 80
172.16.112.194/197.218.177.69, 35126, 261637
172.16.117.111/197.182.91.233, 2658, 13224
172.16.114.207/207.87.15.109, 44, 40
172.16.117.132/208.226.198.94, 44, 40
172.16.116.194/209.3.101.30, 44, 40
172.16.116.201/209.1.112.251, 88, 80
172.16.113.105/205.168.248.2, 88, 80
172.16.115.5/206.64.127.143, 44, 40
172.16.117.111/204.71.188.152, 220, 200
172.16.112.149/209.1.224.12, 264, 240
172.16.115.5/206.106.185.46, 176, 160
172.16.117.52/131.84.1.31, 44, 40
172.16.115.87/187.187.187.187, 264, 240
172.16.114.168/198.5.167.3, 44, 40
172.16.115.87/206.40.199.51, 88, 80
172.16.116.201/128.197.160.76, 44, 40
172.16.117.52/204.202.136.230, 88, 80
172.16.115.5/129.79.254.195, 132, 120
172.16.116.201/205.181.112.65, 572, 520
172.16.115.5/129.48.195.226, 44, 40
172.16.117.132/209.185.105.80, 44, 40
172.16.115.87/209.185.162.35, 44, 40
172.16.117.111/137.245.85.134, 308, 280
172.16.113.105/152.163.212.127, 88, 80
172.16.116.201/207.211.106.40, 44, 40
196.227.33.189/172.16.112.50, 59556, 42667
172.16.113.204/207.25.71.145, 132, 120
172.16.117.132/205.181.112.122, 132, 120
172.16.114.207/134.205.165.120, 14196, 163595
172.16.117.111/207.46.142.37, 44, 40
172.16.114.169/207.46.130.139, 8110, 60184
172.16.117.52/203.18.51.47, 308, 280
172.16.115.5/152.175.1.197, 44, 40
172.16.117.52/209.1.112.252, 88, 80
172.16.117.111/207.77.90.13, 572, 520
172.16.113.204/137.245.85.134, 16037, 75805
172.16.113.105/128.197.160.43, 44, 40
172.16.113.105/131.84.1.31, 132, 120
172.16.114.168/206.33.210.10, 44, 40
172.16.117.52/198.3.98.99, 44, 40
172.16.114.168/187.187.187.187, 132, 120
172.16.117.52/207.25.71.90, 88, 80
192.168.1.10/172.16.112.194, 2501, 864
172.16.114.207/199.181.172.241, 132, 120
172.16.113.204/208.134.241.204, 44, 40
172.16.112.149/160.79.217.102, 484, 440
172.16.112.207/198.137.240.91, 88, 80
172.16.114.169/207.46.148.250, 264, 240
172.16.112.149/187.187.187.187, 88, 80
172.16.114.168/129.170.38.51, 44, 40
172.16.117.103/194.200.207.49, 176, 160
172.16.117.132/209.143.228.40, 44, 40
172.16.117.52/207.68.137.69, 44, 40
172.16.113.105/208.221.32.46, 132, 120
172.16.112.207/197.218.177.69, 56850, 887597
197.182.91.233/172.16.112.207, 43368, 27459
172.16.114.169/204.152.167.20, 88, 80
172.16.116.194/168.178.54.6, 44, 40
172.16.114.148/135.13.216.191, 474951, 120801
172.16.114.168/206.132.25.71, 88, 80
172.16.112.194/208.134.246.201, 44, 40
172.16.113.84/207.46.130.139, 44, 40
172.16.116.201/152.163.210.8, 176, 160
172.16.114.168/207.25.71.37, 132, 120
172.16.112.207/207.46.130.139, 44, 40
172.16.114.168/195.73.151.50, 21203, 20674
172.16.116.194/152.163.210.8, 88, 80
197.182.91.233/172.16.113.84, 41064, 50116
172.16.115.87/209.117.195.118, 220, 200
172.16.116.201/205.228.184.152, 44, 40
172.16.114.207/140.147.248.9, 5326, 41678
172.16.115.87/207.46.130.139, 44, 40
172.16.113.105/152.163.210.8, 132, 120
172.16.115.87/206.71.77.228, 88, 80
195.115.218.108/172.16.114.168, 27866, 24952
172.16.115.5/207.201.138.189, 220, 200
172.16.114.207/131.84.1.31, 176, 160
172.16.115.87/195.200.4.18, 88, 80
172.16.116.194/207.46.130.139, 352, 320
172.16.114.169/209.166.168.20, 440, 400
172.16.114.148/195.115.218.108, 203436, 61528
172.16.115.5/198.3.98.74, 88, 80
172.16.117.52/187.187.187.187, 176, 160
172.16.117.52/151.193.131.9, 132, 120
172.16.114.169/197.182.91.233, 35106, 60905
172.16.113.84/192.12.64.13, 44, 40
172.16.114.168/151.193.131.5, 44, 40
172.16.116.201/206.252.29.43, 352, 320
172.16.115.234/187.187.187.187, 44, 40
172.16.116.194/199.95.74.93, 44, 40
172.16.114.168/208.134.241.220, 44, 40
172.16.113.105/207.68.149.15, 44, 40
172.16.115.5/207.25.71.145, 836, 760
172.16.114.168/207.77.90.73, 44, 40
172.16.115.87/208.134.241.204, 44, 40
172.16.114.207/204.140.12.242, 44, 40
172.16.117.52/207.77.90.12, 44, 40
172.16.115.87/204.71.200.74, 308, 280
172.16.112.149/204.146.167.73, 44, 40
172.16.117.132/206.217.169.205, 44, 40
197.182.91.233/172.16.112.194, 102083, 42861
172.16.112.207/194.27.251.21, 50274, 53974
172.16.114.168/192.168.1.20, 8871, 21566
172.16.113.84/204.152.167.20, 132, 120
172.16.113.204/204.250.200.20, 792, 19717
172.16.116.201/198.187.3.6, 176, 160
172.16.116.201/204.71.200.128, 44, 40
172.16.114.168/208.28.204.71, 44, 40
172.16.116.194/199.95.74.90, 2942, 40220
172.16.115.87/209.133.35.165, 132, 120
172.16.116.201/137.78.28.58, 44, 40
172.16.112.149/38.251.105.4, 132, 120
172.16.114.168/132.60.56.5, 44, 40
172.16.114.169/206.105.64.163, 88, 80
172.16.113.204/151.193.131.5, 44, 40
172.16.115.5/206.161.232.75, 44, 40
172.16.112.50/195.115.218.108, 15087, 15003
172.16.114.169/152.163.210.8, 88, 80
172.16.113.84/204.123.2.75, 176, 160
172.16.112.207/195.73.151.50, 19337, 17766
172.16.114.207/129.52.71.92, 44, 40
172.16.117.103/207.87.175.70, 176, 160
172.16.116.201/199.172.63.64, 44, 40
172.16.115.5/209.67.183.24, 44, 40
172.16.117.52/168.178.54.6, 88, 80
172.16.115.5/165.247.1.13, 44, 40
172.16.113.204/204.189.39.2, 44, 40
172.16.117.132/152.163.210.53, 44, 40
172.16.115.87/165.247.1.13, 44, 40
172.16.115.5/131.84.1.34, 440, 400
172.16.113.204/206.27.130.150, 993, 1398
172.16.115.87/12.10.32.34, 44, 40
172.16.114.168/152.163.212.171, 44, 40
172.16.117.103/208.224.175.19, 88, 80
172.16.114.168/205.181.112.65, 528, 480
172.16.115.87/134.205.165.120, 220, 200
172.16.116.194/204.146.18.33, 44, 40
172.16.114.168/197.218.177.69, 55350, 477568
172.16.114.168/206.243.238.248, 88, 80
172.16.116.194/187.187.187.187, 44, 40
172.16.116.201/206.111.60.162, 44, 40
172.16.112.149/142.58.111.2, 44, 40
172.16.116.201/207.51.123.250, 88, 80
172.16.117.111/208.219.145.70, 44, 40
172.16.117.132/205.214.59.221, 88, 80
172.16.114.207/207.155.125.158, 44, 40
172.16.117.132/205.158.31.42, 88, 80
172.16.114.168/209.3.101.139, 44, 40
172.16.114.207/198.93.24.27, 44, 40
172.16.115.5/204.71.200.190, 44, 40
172.16.116.201/192.160.127.226, 44, 40
172.16.113.84/129.128.65.22, 176, 160
172.16.116.201/205.181.112.122, 220, 200
172.16.116.201/207.46.130.139, 88, 80
172.16.116.201/192.96.145.4, 352, 320
172.16.117.132/207.121.191.70, 176, 160
172.16.114.207/196.227.33.189, 39501, 43186
172.16.115.5/208.215.47.101, 44, 40
195.73.151.50/172.16.113.105, 17192, 19091
172.16.116.194/208.230.48.214, 44, 40
172.16.112.207/209.100.88.8, 44, 40
172.16.117.132/207.25.71.23, 220, 200
172.16.114.169/207.82.250.251, 44, 40
172.16.115.5/209.19.139.185, 132, 120
172.16.116.194/194.7.248.153, 2658, 11454
172.16.117.132/206.132.25.71, 308, 280
172.16.114.207/192.225.36.3, 220, 200
172.16.116.201/207.178.60.131, 572, 520
172.16.117.103/204.238.155.93, 44, 40
172.16.115.5/205.181.112.122, 308, 280
172.16.114.169/204.162.80.45, 88, 80
172.16.115.5/198.97.93.30, 132, 120
172.16.117.132/198.3.98.99, 44, 40
172.16.115.87/137.245.85.134, 880, 800
172.16.115.5/35.9.6.4, 44, 40
172.16.116.201/209.100.54.65, 308, 280
172.16.114.169/206.184.238.129, 88, 80
172.16.115.87/128.252.130.12, 176, 160
172.16.117.103/192.208.46.102, 44, 40
172.16.117.111/208.194.115.50, 88, 80
172.16.114.168/207.135.62.104, 44, 40
172.16.117.103/206.52.27.11, 176, 160
172.16.117.103/192.55.114.10, 396, 360
172.16.117.132/205.168.248.10, 176, 160
172.16.114.168/131.84.1.31, 88, 80
172.16.115.234/165.254.83.124, 132, 120
172.16.115.5/208.9.156.175, 44, 40
172.16.115.5/198.60.134.51, 44, 40
172.16.114.169/204.251.139.35, 44, 40
172.16.113.105/187.187.187.187, 132, 120
172.16.116.194/167.8.29.16, 88, 80
172.16.116.201/199.95.74.92, 132, 120
172.16.114.207/207.211.106.40, 1566, 1246
172.16.115.5/209.49.66.74, 484, 440
135.13.216.191/172.16.112.50, 2962208, 2059385
172.16.112.20/196.37.75.158, 8555, 3520
172.16.115.5/198.253.187.3, 220, 200
172.16.117.111/159.142.1.202, 44, 40
172.16.115.87/206.39.184.2, 264, 240
172.16.117.132/152.163.210.8, 220, 200
172.16.115.5/131.84.1.60, 88, 80
172.16.118.30/209.12.13.144, 920392, 554616
192.168.1.10/172.16.114.169, 3610, 900
172.16.115.234/135.13.216.191, 990, 10966
172.16.112.194/195.73.151.50, 34375, 31492
172.16.116.201/207.171.129.136, 44, 40
172.16.115.87/204.123.2.93, 44, 40
172.16.114.168/209.85.124.166, 88, 80
172.16.112.194/205.181.112.122, 44, 40
172.16.114.168/208.202.26.194, 88, 80
172.16.113.105/204.152.167.20, 44, 40
172.16.114.207/207.155.106.5, 44, 40
172.16.113.105/197.218.177.69, 47557, 210115
172.16.115.5/209.61.101.125, 308, 280
172.16.112.149/208.212.146.2, 44, 40
194.7.248.153/172.16.113.105, 20794, 14696
172.16.116.201/205.164.196.10, 308, 280
172.16.113.84/206.19.42.11, 176, 160
172.16.117.111/192.225.36.3, 176, 160
172.16.117.52/196.37.75.158, 6930, 53729
172.16.116.22/195.73.151.50, 2196, 8435
172.16.117.132/192.254.26.2, 44, 40
172.16.114.207/209.1.112.251, 44, 40
172.16.115.5/195.115.218.108, 1844, 10347
172.16.114.169/204.202.129.230, 44, 40
172.16.114.169/194.7.248.153, 18343, 13222
172.16.117.132/139.72.190.30, 88, 80
172.16.113.105/199.95.74.90, 44, 40
172.16.117.111/205.181.112.65, 220, 200
172.16.115.5/207.77.90.13, 440, 400
172.16.113.105/205.164.196.10, 308, 280
172.16.113.84/205.181.112.36, 44, 40
172.16.117.111/12.9.217.10, 44, 40
172.16.117.111/209.3.101.136, 44, 40
172.16.116.194/207.8.225.130, 44, 40
172.16.113.105/199.95.74.92, 132, 120
172.16.113.204/209.43.240.171, 704, 640
135.8.60.182/172.16.114.207, 52160, 92597
172.16.115.5/152.163.210.53, 176, 160
172.16.114.169/206.217.169.205, 44, 40
172.16.116.201/199.95.74.90, 176, 160
172.16.115.5/204.152.167.226, 88, 80
172.16.117.111/167.8.29.16, 132, 120
172.16.117.52/205.181.211.160, 132, 120
172.16.113.204/207.87.25.106, 132, 120
172.16.117.132/195.74.192.152, 132, 120
172.16.114.168/151.193.131.9, 88, 80
172.16.114.169/208.134.246.201, 88, 80
172.16.114.168/207.68.181.154, 44, 40
172.16.117.132/12.9.217.10, 88, 80
172.16.115.234/207.90.195.6, 88, 80
172.16.114.169/208.226.198.94, 44, 40
172.16.113.105/204.29.144.16, 264, 240
172.16.115.87/207.240.85.75, 44, 40
172.16.114.168/207.46.130.139, 396, 360
172.16.117.111/204.244.192.12, 88, 80
172.16.114.207/197.218.177.69, 87216, 1119482
172.16.112.149/209.100.88.8, 44, 40
172.16.113.105/207.121.188.40, 88, 80
172.16.112.149/38.176.11.51, 176, 160
172.16.114.168/130.219.34.100, 264, 240
172.16.114.207/12.16.134.203, 440, 400
172.16.116.201/207.25.71.145, 220, 200
172.16.116.194/128.174.95.19, 132, 120
172.16.115.234/195.67.49.12, 88, 80
172.16.117.132/208.134.241.217, 88, 80
172.16.117.52/205.169.236.247, 176, 160
172.16.117.111/208.194.115.53, 88, 80
172.16.113.204/205.158.6.17, 176, 160
172.16.115.87/198.69.192.43, 44, 40
172.16.113.105/204.123.2.75, 44, 40
172.16.115.87/151.193.131.5, 44, 40
172.16.117.132/205.228.184.152, 44, 40
172.16.114.207/137.245.85.134, 440, 400
172.16.113.105/208.234.18.31, 88, 80
172.16.114.169/142.147.15.9, 132, 120
172.16.117.132/199.242.194.176, 44, 40
172.16.113.105/209.67.19.194, 44, 40
172.16.117.103/134.205.165.120, 220, 200
172.16.112.149/194.27.251.21, 31166, 35059
172.16.114.168/204.71.200.74, 176, 160
172.16.114.169/204.162.80.136, 352, 320
172.16.113.204/187.187.187.187, 573, 757
172.16.113.105/149.198.247.6, 88, 80
172.16.113.204/209.1.112.251, 434, 357
172.16.117.103/206.15.106.89, 44, 40
172.16.114.207/209.68.14.202, 132, 120
172.16.114.207/208.134.241.155, 264, 240
172.16.113.105/168.178.54.6, 44, 40
172.16.113.204/208.134.246.201, 443, 643
172.16.114.168/208.236.141.38, 88, 80
172.16.115.5/199.8.100.2, 88, 80
172.16.115.234/208.5.19.2, 44, 40
172.16.115.5/204.146.167.73, 88, 80
172.16.116.201/207.176.252.20, 44, 40
172.16.113.204/207.77.90.12, 2632, 19746
172.16.113.105/204.244.192.12, 44, 40
172.16.116.194/208.215.239.71, 396, 360
172.16.112.149/204.71.177.217, 132, 120
172.16.117.132/209.1.112.252, 88, 80
172.16.115.5/199.95.74.90, 44, 40
172.16.113.105/152.163.212.118, 132, 120
172.16.114.169/192.208.46.131, 88, 80
172.16.114.168/208.214.174.76, 88, 80
172.16.114.207/194.7.248.153, 46148, 20378
172.16.117.111/203.26.196.3, 44, 40
172.16.114.168/194.7.248.153, 21976, 25130
172.16.112.149/204.202.129.230, 88, 80
172.16.114.50/195.115.218.108, 7046, 4769
172.16.114.168/208.230.48.214, 44, 40
172.16.116.201/131.84.1.31, 88, 80
172.16.113.105/208.215.47.101, 44, 40
192.168.1.10/172.16.114.207, 9654, 3502
172.16.115.5/199.185.131.55, 44, 40
172.16.116.201/204.71.200.74, 352, 320
172.16.116.201/199.45.202.160, 88, 80
172.16.116.194/207.46.130.168, 44, 40
172.16.116.201/204.233.109.108, 132, 120
172.16.112.207/152.163.212.112, 484, 440
172.16.114.207/140.174.208.58, 88, 80
172.16.116.201/207.244.125.85, 88, 80
172.16.115.5/143.158.16.69, 88, 80
172.16.115.5/199.95.74.93, 44, 40
194.27.251.21/172.16.113.204, 28476, 23489
172.16.113.105/160.96.179.12, 132, 120
172.16.115.234/207.238.21.16, 44, 40
172.16.114.207/207.68.178.209, 44, 40
195.73.151.50/172.16.113.50, 3817, 1871
172.16.115.5/207.159.129.103, 44, 40
172.16.117.103/207.77.90.13, 572, 520
172.16.117.111/207.87.15.109, 44, 40
172.16.113.105/207.155.120.92, 44, 40
172.16.117.132/204.29.20.21, 44, 40
172.16.117.103/205.181.112.120, 88, 80
172.16.114.207/207.120.40.249, 44, 40
172.16.113.204/207.25.71.27, 176, 160
135.13.216.191/172.16.113.50, 50217, 12080
172.16.115.5/209.60.43.230, 88, 80
172.16.115.87/205.181.112.122, 88, 80
172.16.115.5/135.8.60.182, 1988, 7287
172.16.115.5/192.150.12.103, 176, 160
172.16.114.168/198.11.57.54, 220, 200
172.16.113.105/208.134.241.222, 44, 40
172.16.116.201/128.197.160.43, 44, 40
172.16.113.105/192.9.24.116, 220, 200
172.16.114.168/207.25.71.145, 264, 240
172.16.113.105/199.185.131.55, 44, 40
172.16.112.149/207.77.90.13, 132, 120
172.16.114.169/205.228.184.152, 44, 40
172.16.117.132/209.143.215.163, 88, 80
172.16.116.201/204.123.2.93, 88, 80
172.16.114.207/207.109.149.40, 44, 40
172.16.116.194/209.61.101.125, 308, 280
172.16.116.201/208.225.154.65, 132, 120
194.27.251.21/172.16.112.50, 32862, 32512
172.16.112.149/206.132.25.71, 44, 40
172.16.117.111/129.48.28.13, 132, 120
172.16.117.103/207.121.190.172, 616, 560
172.16.115.5/134.152.25.12, 352, 320
172.16.114.168/167.8.29.16, 220, 200
172.16.113.204/204.71.191.208, 44, 40
172.16.116.194/203.26.196.3, 44, 40
172.16.116.201/208.221.32.46, 44, 40
172.16.114.168/137.78.28.58, 44, 40
172.16.116.201/207.240.118.17, 44, 40
172.16.114.168/209.3.101.137, 132, 120
172.16.115.87/199.95.74.90, 44, 40
172.16.113.84/205.200.37.91, 176, 160
172.16.117.111/205.181.112.66, 44, 40
172.16.114.168/204.244.192.12, 44, 40
172.16.113.84/207.18.199.6, 44, 40
172.16.113.105/165.227.192.135, 44, 40
192.168.1.10/172.16.114.168, 36922, 7818
172.16.117.52/151.193.131.5, 44, 40
172.16.117.111/152.163.210.53, 960, 1502
172.16.117.103/198.11.57.54, 220, 200
172.16.117.103/195.11.145.252, 44, 40
172.16.117.52/204.123.2.75, 88, 80
172.16.114.169/209.1.112.252, 44, 40
172.16.117.103/206.196.133.98, 440, 400
197.182.91.233/172.16.113.50, 27316, 6701
172.16.116.194/209.1.224.12, 396, 360
172.16.115.87/194.27.251.21, 1304, 7788
172.16.115.5/207.25.71.82, 88, 80
172.16.113.105/130.39.131.177, 88, 80
172.16.113.204/207.173.143.9, 44, 40
172.16.117.52/204.162.80.45, 44, 40
172.16.115.5/165.247.199.62, 44, 40
172.16.117.132/206.71.77.228, 220, 200
172.16.115.87/208.226.198.94, 44, 40
172.16.112.194/129.128.65.22, 220, 200
172.16.117.103/204.162.80.140, 44, 40
172.16.113.105/209.19.139.185, 44, 40
172.16.115.5/205.168.248.2, 220, 200
172.16.115.5/208.134.241.222, 88, 80
172.16.115.5/204.146.18.33, 572, 520
172.16.116.194/207.121.190.172, 132, 120
172.16.113.84/152.163.210.53, 88, 80
172.16.116.194/146.139.240.200, 44, 40
172.16.113.105/205.228.184.153, 44, 40
172.16.113.105/134.177.3.28, 132, 120
172.16.113.84/208.140.130.7, 44, 40
172.16.116.201/195.115.218.108, 2879, 7699
172.16.116.194/207.25.71.27, 88, 80
172.16.115.5/136.149.133.19, 44, 40
172.16.114.148/197.218.177.69, 4702111, 196007
196.37.75.158/172.16.114.168, 35794, 28193
172.16.112.149/194.7.248.153, 35929, 34081
172.16.117.132/137.245.85.134, 308, 280
172.16.117.132/209.143.228.143, 88, 80
172.16.113.105/128.200.126.12, 44, 40
172.16.114.207/208.194.115.53, 88, 80
172.16.113.105/18.85.40.26, 44, 40
135.13.216.191/172.16.113.84, 79272, 45762
172.16.112.149/205.160.191.2, 88, 80
197.182.91.233/192.168.1.20, 7988, 33992
172.16.117.111/209.100.88.8, 88, 80
172.16.115.5/208.216.18.69, 44, 40
172.16.115.234/205.182.52.70, 88, 80
172.16.113.105/209.185.102.232, 88, 80
172.16.115.87/207.68.137.69, 44, 40
172.16.113.105/206.186.200.115, 88, 80
194.27.251.21/172.16.113.50, 17494, 8132
172.16.113.84/128.120.237.201, 44, 40
172.16.116.44/209.1.112.251, 616, 560
172.16.113.105/207.25.71.27, 264, 240
172.16.115.87/136.149.142.178, 88, 80
172.16.117.132/204.233.109.108, 132, 120
195.115.218.108/172.16.112.207, 36706, 30818
172.16.115.5/198.3.98.99, 220, 200
172.16.114.168/209.1.224.12, 220, 200
172.16.112.149/207.46.148.250, 264, 240
172.16.117.132/149.174.213.38, 88, 80
172.16.115.5/204.71.242.42, 264, 240
172.16.113.105/208.144.113.29, 220, 200
172.16.117.111/206.132.25.71, 484, 440
172.16.117.52/205.168.248.10, 176, 160
172.16.114.207/207.77.90.13, 132, 120
172.16.117.52/204.123.2.93, 44, 40
172.16.114.207/199.72.15.157, 44, 40
172.16.116.194/129.170.38.51, 44, 40
172.16.115.5/202.139.249.250, 44, 40
172.16.114.207/209.132.40.55, 88, 80
172.16.116.201/205.228.184.153, 44, 40
172.16.114.169/187.187.187.187, 176, 160
172.16.117.132/209.143.215.156, 44, 40
172.16.115.5/139.72.190.30, 132, 120
172.16.113.84/192.208.46.158, 88, 80
172.16.117.103/204.71.178.121, 44, 40
172.16.115.5/209.1.112.251, 220, 200
172.16.114.169/128.8.10.29, 88, 80
172.16.114.207/207.60.166.93, 132, 120
172.16.117.52/207.46.130.139, 176, 160
197.182.91.233/172.16.112.149, 39158, 32459
172.16.115.5/194.27.251.21, 2332, 14413
172.16.116.194/194.17.55.211, 88, 80
172.16.115.5/206.196.133.98, 220, 200
172.16.115.234/136.149.142.178, 440, 400
172.16.113.105/207.178.60.131, 440, 400
172.16.113.204/208.140.130.7, 8912, 324472
172.16.114.168/205.181.112.114, 44, 40
172.16.113.105/152.163.210.53, 88, 80
172.16.117.132/210.173.161.135, 44, 40
172.16.114.168/194.27.251.21, 36374, 42642
172.16.117.103/209.66.96.8, 132, 120
172.16.115.234/204.71.191.32, 44, 40
172.16.114.148/198.3.98.160, 44, 40
172.16.116.201/205.181.112.182, 44, 40
172.16.114.207/196.37.75.158, 30096, 33746
172.16.114.207/207.46.148.250, 44, 40
172.16.114.168/207.214.25.227, 44, 40
172.16.112.207/196.227.33.189, 28397, 25615
172.16.117.111/207.68.178.209, 44, 40
172.16.113.105/199.9.11.241, 88, 80
172.16.115.5/206.52.27.11, 88, 80
196.37.75.158/172.16.113.84, 35596, 26631
172.16.116.194/206.184.238.129, 44, 40
172.16.113.105/131.84.1.34, 440, 400
172.16.113.204/197.182.91.233, 46694, 112021
172.16.113.105/128.163.161.40, 88, 80
172.16.114.168/165.227.192.135, 44, 40
172.16.117.132/208.28.204.71, 88, 80
172.16.115.87/207.25.71.178, 484, 440
172.16.117.52/204.162.80.136, 176, 160
172.16.117.132/207.126.101.188, 44, 40
172.16.112.207/194.7.248.153, 24932, 23371
172.16.117.103/209.8.150.31, 264, 240
172.16.117.111/199.181.172.241, 88, 80
172.16.113.84/206.132.25.71, 264, 240
172.16.115.5/207.82.250.251, 44, 40
172.16.115.234/207.120.161.190, 308, 280
172.16.115.5/204.101.251.229, 44, 40
172.16.117.111/206.101.198.45, 88, 80
172.16.115.87/129.48.28.13, 264, 240
172.16.114.168/192.195.23.219, 44, 40
172.16.117.111/207.25.71.27, 528, 480
172.16.117.132/128.192.252.5, 484, 440
172.16.114.168/207.77.90.13, 396, 360
172.16.114.207/199.76.198.54, 44, 40
172.16.115.87/130.219.4.100, 44, 40
172.16.116.201/208.226.198.46, 44, 40
172.16.117.132/209.54.53.37, 44, 40
172.16.117.132/207.240.118.17, 88, 80
172.16.117.111/132.55.120.26, 176, 160
172.16.115.5/207.235.95.4, 88, 80
172.16.117.52/151.196.95.207, 44, 40
172.16.114.168/195.67.49.12, 264, 240
172.16.117.103/136.149.142.178, 396, 360
172.16.117.52/207.77.90.200, 88, 80
172.16.115.5/199.227.120.225, 44, 40
172.16.115.87/152.163.210.8, 44, 40
172.16.113.204/207.60.96.119, 44, 40
172.16.113.204/135.13.216.191, 51330, 80866
172.16.115.87/204.34.175.79, 132, 120
172.16.117.103/207.25.71.27, 44, 40
172.16.113.84/134.205.165.120, 132, 120
172.16.113.204/152.163.210.8, 8924, 55658
172.16.113.204/134.205.165.120, 264, 240
172.16.114.148/196.227.33.189, 2792193, 58891
172.16.113.84/204.238.155.93, 44, 40
172.16.113.105/206.29.22.111, 88, 80
172.16.116.194/194.17.55.67, 44, 40
172.16.117.103/35.9.6.4, 88, 80
172.16.114.169/135.8.60.182, 52157, 62987
172.16.115.234/207.68.137.69, 44, 40
172.16.115.234/205.216.146.123, 220, 200
172.16.116.194/207.82.213.72, 44, 40
172.16.113.204/207.149.188.236, 88, 80
135.8.60.182/172.16.113.84, 50110, 31709
172.16.112.207/207.46.148.250, 264, 240
172.16.113.105/129.170.38.51, 44, 40
172.16.117.111/142.58.111.2, 44, 40
172.16.114.168/199.95.74.90, 264, 240
196.227.33.189/172.16.113.105, 22386, 15314
172.16.115.5/199.9.11.241, 88, 80
172.16.113.204/192.168.1.20, 29888, 63718
194.27.251.21/172.16.114.207, 35772, 28443
172.16.117.111/199.95.74.90, 264, 240
196.37.75.158/172.16.113.50, 4890, 1877
172.16.114.207/143.231.86.196, 8207, 133592
172.16.114.168/204.152.167.20, 44, 40
172.16.113.105/206.161.69.114, 88, 80
172.16.117.103/209.1.112.251, 88, 80
172.16.114.168/209.204.216.36, 44, 40
172.16.115.87/209.49.66.74, 396, 360
172.16.113.105/205.181.112.66, 44, 40
172.16.115.234/207.88.220.20, 88, 80
172.16.112.207/129.48.28.13, 132, 120
172.16.114.168/198.5.167.132, 132, 120
172.16.114.50/194.7.248.153, 27805, 24595
172.16.114.148/136.149.142.178, 660, 600
172.16.114.168/204.244.193.11, 88, 80
172.16.112.207/128.32.195.46, 88, 80
172.16.114.168/198.3.99.199, 44, 40
172.16.113.84/207.77.90.13, 176, 160
172.16.115.234/209.1.112.251, 44, 40
172.16.115.5/205.181.112.36, 44, 40
172.16.113.204/209.1.31.43, 88, 80
172.16.114.168/205.131.175.2, 88, 80
172.16.116.194/152.163.210.53, 88, 80
172.16.115.234/207.36.80.170, 44, 40
172.16.114.169/196.227.33.189, 42960, 66052
172.16.117.52/209.166.168.20, 220, 200
172.16.115.5/192.111.219.6, 88, 80
135.8.60.182/172.16.113.204, 46984, 38264
172.16.113.105/207.235.95.4, 88, 80
194.27.251.21/172.16.112.194, 534286, 12333213
172.16.116.201/192.96.145.250, 44, 40
172.16.117.111/128.32.195.46, 88, 80
197.218.177.69/172.16.112.50, 76938, 42904
172.16.116.201/207.158.238.107, 132, 120
172.16.115.5/206.184.238.129, 44, 40
172.16.113.105/207.244.125.85, 88, 80
172.16.117.111/151.193.131.9, 88, 80
172.16.113.105/199.95.74.94, 44, 40
172.16.114.207/207.87.26.204, 44, 40
172.16.113.105/202.139.249.250, 44, 40
172.16.113.105/207.46.148.250, 132, 120
172.16.114.168/207.158.194.140, 44, 40
172.16.112.194/205.181.112.65, 176, 160
172.16.116.201/206.161.69.114, 88, 80
172.16.116.194/207.51.123.250, 44, 40
172.16.113.84/196.227.33.189, 24377, 24927
172.16.116.201/204.202.136.230, 44, 40
172.16.114.169/206.252.29.40, 88, 80
172.16.116.201/206.29.22.111, 88, 80
172.16.116.201/209.24.19.166, 44, 40
172.16.112.207/207.121.185.180, 44, 40
172.16.116.194/207.68.149.15, 44, 40
172.16.115.5/205.181.112.65, 572, 520
192.168.1.10/172.16.112.207, 13028, 4320
172.16.113.84/205.181.112.217, 44, 40
172.16.116.194/209.3.101.139, 44, 40
172.16.112.149/204.146.18.33, 44, 40
172.16.114.148/206.132.25.71, 44, 40
172.16.115.5/134.205.165.120, 924, 840
172.16.115.87/204.71.177.203, 44, 40
172.16.113.105/152.175.1.197, 44, 40
172.16.117.103/207.46.148.250, 88, 80
172.16.114.169/209.19.139.185, 88, 80
172.16.113.105/206.132.25.71, 264, 240
172.16.113.84/167.8.29.15, 44, 40
172.16.115.5/198.3.98.70, 44, 40
172.16.114.169/207.51.123.250, 88, 80
172.16.114.168/207.176.40.219, 44, 40
197.182.91.233/172.16.112.50, 113626, 59561
172.16.114.169/131.84.1.31, 132, 120
172.16.115.5/205.169.236.247, 44, 40
172.16.113.105/199.185.131.62, 44, 40
172.16.114.169/165.230.116.132, 176, 160
172.16.115.5/207.46.131.143, 44, 40
172.16.116.201/199.242.194.176, 44, 40
172.16.113.204/207.77.90.13, 16259, 94349
172.16.117.103/199.95.74.92, 44, 40
172.16.112.149/195.115.218.108, 17913, 25069
172.16.112.207/142.58.111.2, 44, 40
172.16.117.111/207.46.148.250, 352, 320
172.16.114.169/206.132.25.71, 176, 160
172.16.117.132/209.20.130.37, 132, 120
172.16.114.207/206.132.25.71, 528, 480
172.16.115.5/206.161.232.85, 176, 160
172.16.114.168/194.17.55.211, 88, 80
172.16.116.201/204.71.177.159, 44, 40
172.16.117.103/207.25.71.145, 440, 400
135.13.216.191/172.16.114.50, 47304, 19416
172.16.114.168/192.208.46.102, 44, 40
172.16.115.5/208.144.113.29, 176, 160
172.16.113.105/209.66.124.179, 44, 40
172.16.113.105/204.123.2.93, 44, 40
194.7.248.153/172.16.113.204, 33130, 26716
172.16.117.103/202.185.245.10, 132, 120
172.16.114.50/194.27.251.21, 70219, 85931
172.16.117.103/206.196.140.2, 176, 160
172.16.113.105/206.161.69.113, 88, 80
196.37.75.158/172.16.113.105, 39512, 44101
172.16.115.87/206.243.238.248, 44, 40
172.16.115.5/209.1.206.128, 44, 40
172.16.117.132/209.100.54.65, 308, 280
172.16.117.111/209.1.224.12, 220, 200
172.16.114.168/207.46.130.168, 44, 40
172.16.115.5/208.234.18.31, 88, 80
172.16.112.194/38.165.144.107, 220, 200
172.16.117.52/207.68.161.39, 88, 80
172.16.114.168/207.68.137.69, 44, 40
172.16.113.105/204.244.193.11, 44, 40
172.16.114.168/209.107.25.151, 44, 40
172.16.117.111/207.25.71.145, 88, 80
172.16.116.44/208.226.198.94, 264, 240
172.16.113.105/204.247.170.137, 44, 40
172.16.113.105/199.45.202.160, 88, 80
172.16.113.105/160.147.68.21, 44, 40
172.16.117.52/210.173.161.135, 44, 40
172.16.116.201/142.147.15.9, 132, 120
172.16.112.50/196.37.75.158, 5686, 9657
172.16.115.5/198.69.192.43, 44, 40
172.16.114.168/209.1.112.251, 44, 40
172.16.113.105/192.168.1.20, 9450, 23090
172.16.117.111/204.140.12.242, 44, 40
172.16.115.87/207.87.25.106, 88, 80
172.16.113.105/206.186.200.107, 88, 80
172.16.113.204/204.162.156.13, 44, 40
172.16.113.204/207.46.130.139, 44, 40
172.16.115.87/195.152.37.59, 44, 40
172.16.117.132/208.134.241.222, 88, 80
172.16.113.84/209.85.124.166, 88, 80
172.16.112.194/209.1.31.43, 88, 80
172.16.114.148/129.48.28.13, 44, 40
172.16.113.105/128.169.92.17, 176, 160
172.16.115.5/136.149.142.178, 528, 480
172.16.113.105/195.166.128.64, 88, 80
172.16.117.103/205.216.163.92, 352, 320
172.16.114.168/209.19.139.185, 44, 40
172.16.114.168/137.245.85.134, 748, 680
172.16.113.105/129.48.28.13, 44, 40
172.16.113.204/209.116.84.55, 13961, 213793
172.16.112.149/205.181.112.66, 88, 80
172.16.115.5/208.156.32.218, 44, 40
172.16.115.5/199.172.144.24, 88, 80
172.16.112.149/208.205.234.94, 44, 40
172.16.112.207/204.123.2.75, 352, 320
172.16.117.132/207.25.71.90, 88, 80
172.16.114.169/208.28.204.71, 88, 80
172.16.113.105/143.158.16.69, 132, 120
172.16.113.204/207.149.73.206, 8957, 50337
172.16.114.207/195.73.151.50, 57961, 31503
172.16.114.168/205.181.112.66, 44, 40
172.16.114.168/192.5.41.239, 4020, 4072
172.16.113.84/152.163.212.171, 44, 40
172.16.113.105/207.25.71.149, 44, 40
172.16.114.168/209.3.101.136, 44, 40
172.16.114.168/207.60.212.194, 88, 80
172.16.115.5/152.163.210.8, 132, 120
172.16.115.5/131.84.1.31, 924, 840
172.16.114.148/207.25.71.145, 44, 40
172.16.115.5/199.95.74.94, 44, 40
172.16.113.204/204.250.200.22, 479, 1975
172.16.112.149/197.218.177.69, 72616, 3648176
172.16.114.207/208.7.181.207, 132, 120
196.227.33.189/172.16.113.50, 15244, 5721
172.16.112.194/204.250.200.22, 44, 40
172.16.115.5/204.202.129.230, 44, 40
172.16.112.50/194.7.248.153, 9300, 6532
172.16.115.87/209.37.163.3, 44, 40
172.16.115.5/198.3.99.130, 44, 40
172.16.113.204/198.233.40.6, 264, 240
172.16.115.5/192.234.101.69, 44, 40
172.16.115.87/204.250.200.20, 176, 160
172.16.117.103/198.105.232.108, 44, 40
172.16.114.168/152.163.210.53, 44, 40
172.16.116.194/167.24.103.4, 44, 40
172.16.113.204/205.181.112.122, 517, 690
172.16.113.204/152.163.210.53, 132, 120
172.16.116.194/199.94.100.2, 44, 40
172.16.117.103/204.71.200.190, 88, 80
172.16.117.111/209.61.101.125, 176, 160
172.16.117.132/205.169.236.247, 176, 160
172.16.114.169/199.8.100.2, 88, 80
172.16.114.168/194.229.131.1, 132, 0
172.16.113.105/208.131.162.161, 44, 40
172.16.117.132/207.25.71.145, 88, 80
172.16.113.84/205.181.112.65, 440, 400
172.16.115.234/204.71.200.74, 88, 80
172.16.114.168/194.17.55.67, 44, 40
172.16.115.234/131.39.128.61, 132, 120
172.16.117.103/207.46.130.139, 44, 40
172.16.112.194/196.227.33.189, 14610, 21479
172.16.114.169/137.245.85.134, 132, 120
172.16.117.132/204.96.116.9, 484, 440
172.16.114.169/192.96.145.4, 308, 280
172.16.116.194/207.25.71.145, 220, 200
172.16.116.201/152.163.212.118, 132, 120
172.16.113.84/194.229.131.1, 176, 0
172.16.117.132/204.202.136.230, 88, 80
172.16.114.168/207.68.149.15, 44, 40
192.168.1.20/192.168.1.10, 252, 212
172.16.115.5/209.132.68.26, 88, 80
172.16.117.111/206.184.238.129, 88, 80
172.16.115.87/205.180.57.98, 44, 40
195.115.218.108/172.16.113.50, 5655, 3619
172.16.112.20/194.27.251.21, 18429, 6789
172.16.117.103/207.158.237.174, 264, 240
172.16.115.87/207.68.181.154, 44, 40
172.16.112.194/194.7.248.153, 5561743, 299307
172.16.117.103/194.95.218.132, 44, 40
172.16.116.194/194.159.251.175, 176, 160
172.16.112.149/137.245.85.134, 308, 280
172.16.114.169/205.181.112.65, 220, 200
172.16.112.20/197.182.91.233, 13659, 5098
172.16.115.5/130.91.72.195, 44, 40
172.16.117.132/207.46.148.250, 88, 80
172.16.114.168/197.182.91.233, 24617, 49256
172.16.115.87/171.21.80.34, 176, 160
172.16.113.84/209.1.112.251, 88, 80
172.16.115.5/204.71.200.74, 616, 560
172.16.115.5/38.176.11.53, 44, 40
172.16.117.52/167.8.29.16, 44, 40
172.16.117.52/204.123.2.107, 132, 120
172.16.114.207/208.194.115.50, 88, 80
172.16.112.149/131.84.1.31, 440, 400
172.16.116.194/207.46.148.250, 44, 40
172.16.112.149/207.46.130.139, 44, 40
172.16.114.169/204.233.109.108, 132, 120
172.16.114.168/128.120.134.2, 44, 40
172.16.113.105/194.27.251.21, 29387, 37428
172.16.113.204/204.123.2.107, 88, 80
172.16.112.207/152.163.210.53, 44, 40
172.16.116.201/209.67.19.194, 44, 40
172.16.114.168/152.163.202.133, 88, 80
172.16.117.111/194.17.55.211, 88, 80
192.168.1.10/172.16.114.148, 17103, 5107
172.16.115.5/207.68.158.19, 44, 40
172.16.114.169/207.240.118.17, 44, 40
172.16.117.111/207.121.185.180, 44, 40
172.16.115.5/167.8.29.47, 44, 40
172.16.113.204/129.128.65.22, 2651, 34497
172.16.113.84/187.187.187.187, 88, 80
172.16.113.84/195.73.151.50, 14866, 13947
172.16.117.111/208.215.239.71, 396, 360
172.16.117.52/151.193.131.15, 572, 520
172.16.114.168/129.219.30.12, 44, 40
172.16.115.87/130.157.2.213, 44, 40
172.16.116.194/205.219.138.154, 88, 80
172.16.113.105/131.84.1.60, 88, 80
172.16.112.149/198.137.240.91, 88, 80
172.16.116.201/134.177.3.28, 44, 40
172.16.117.132/165.227.194.60, 220, 200
172.16.114.168/208.215.239.71, 396, 360
196.37.75.158/172.16.114.148, 71827, 332312
172.16.113.105/204.71.200.128, 44, 40
172.16.114.148/137.245.85.134, 220, 200
172.16.115.87/207.176.40.219, 44, 40
172.16.114.168/207.159.136.28, 132, 120
172.16.113.105/128.197.160.76, 44, 40
172.16.117.52/204.123.9.72, 44, 40
172.16.113.204/209.185.162.35, 44, 40
172.16.114.169/204.71.242.42, 264, 240
172.16.117.111/151.193.131.5, 44, 40
195.115.218.108/172.16.112.194, 43923, 41005
172.16.117.52/209.143.215.163, 88, 80
172.16.117.111/140.174.208.58, 88, 80
172.16.116.194/206.101.198.45, 88, 80
172.16.115.87/206.79.179.170, 44, 40
172.16.114.169/156.46.46.226, 396, 360
172.16.117.103/198.3.99.130, 88, 80
172.16.116.194/146.137.96.68, 132, 120
172.16.112.149/148.166.28.2, 176, 160
172.16.114.207/208.219.145.70, 44, 40
172.16.117.132/209.43.33.81, 44, 40
172.16.115.87/207.25.71.27, 176, 160
172.16.116.201/137.245.85.134, 220, 200
172.16.115.234/208.147.89.70, 44, 40
172.16.117.111/208.134.241.155, 528, 480
172.16.115.5/206.155.199.203, 88, 80
172.16.115.234/131.84.1.31, 616, 560
172.16.113.105/208.216.18.69, 44, 40
172.16.113.84/195.115.218.108, 20405, 34669
172.16.115.5/208.221.32.46, 88, 80
172.16.114.207/205.181.112.114, 44, 40
172.16.117.132/134.177.3.28, 44, 40
172.16.114.169/208.226.198.46, 44, 40
172.16.113.84/136.149.142.178, 132, 120
172.16.112.194/209.116.84.55, 44, 40
172.16.117.103/208.134.246.201, 88, 80
172.16.117.52/199.95.74.90, 132, 120
172.16.113.84/137.245.85.134, 220, 200
172.16.115.87/207.90.176.12, 220, 200
135.8.60.182/172.16.113.50, 15876, 3858
172.16.116.194/137.245.85.134, 88, 80
172.16.113.204/207.68.178.148, 44, 40
172.16.115.5/156.46.46.226, 396, 360
172.16.114.169/207.176.252.20, 44, 40
172.16.117.132/209.125.119.116, 44, 40
172.16.115.87/129.48.195.226, 44, 40
172.16.115.5/207.46.148.250, 132, 120
172.16.113.105/198.97.93.30, 132, 120
194.27.251.21/192.168.1.20, 22353, 101331
172.16.116.201/194.98.7.131, 88, 80
172.16.115.5/206.71.77.228, 88, 80
172.16.113.105/207.68.137.69, 44, 40
172.16.115.5/206.186.200.115, 88, 80
172.16.117.103/148.184.174.31, 176, 160
172.16.113.84/207.32.88.29, 44, 40
172.16.114.168/207.8.225.130, 44, 40
172.16.113.204/136.149.142.178, 88, 80
172.16.116.194/151.193.131.5, 44, 40
172.16.114.169/130.91.72.195, 44, 40
172.16.117.111/38.176.11.51, 220, 200
172.16.114.168/204.238.155.93, 44, 40
172.16.112.149/205.181.112.65, 44, 40
172.16.112.194/207.32.88.29, 44, 40
172.16.116.194/205.181.112.65, 88, 80
172.16.114.168/135.8.60.182, 36925, 51372
197.218.177.69/172.16.113.204, 190374, 40885
172.16.115.5/152.163.212.127, 176, 160
172.16.117.132/209.25.45.61, 264, 240
172.16.112.207/166.77.13.117, 44, 40
196.37.75.158/172.16.114.50, 22310, 23028
172.16.117.132/207.25.71.27, 352, 320
172.16.114.169/199.242.194.176, 44, 40
172.16.113.105/207.60.212.194, 88, 80
172.16.114.168/199.183.24.253, 528, 480
172.16.115.5/209.70.1.161, 44, 40
172.16.116.201/130.39.131.177, 44, 40
172.16.117.111/207.82.213.72, 44, 40
172.16.114.168/205.232.88.166, 132, 120
172.16.116.201/143.166.82.134, 44, 40
172.16.117.103/208.147.89.39, 44, 40
172.16.112.194/152.163.210.8, 44, 40
172.16.115.5/129.79.74.155, 44, 40
172.16.112.207/205.181.112.65, 44, 40
172.16.117.132/194.98.7.131, 88, 80
172.16.114.168/205.200.37.91, 176, 160
172.16.116.194/209.3.101.137, 132, 120
172.16.113.84/206.27.130.150, 44, 40
172.16.112.149/195.73.151.50, 9292, 11711
172.16.117.111/131.84.1.31, 440, 400
172.16.114.168/207.18.199.6, 44, 40
172.16.113.105/207.121.188.105, 44, 40
172.16.113.105/207.25.71.90, 88, 80
172.16.116.194/207.60.212.194, 88, 80
172.16.115.5/128.143.137.29, 132, 120
172.16.114.148/207.25.71.27, 264, 240
172.16.112.20/195.115.218.108, 22676, 7665
172.16.116.194/204.146.167.73, 44, 40
172.16.117.52/209.143.212.231, 44, 40
172.16.113.105/206.252.29.43, 308, 280
172.16.117.103/197.218.177.69, 989, 9748
172.16.117.52/207.25.71.23, 220, 200
172.16.112.207/199.95.74.90, 88, 80
172.16.113.105/12.6.71.100, 44, 40
172.16.115.5/207.211.128.15, 44, 40
172.16.117.103/209.85.124.166, 88, 80
172.16.117.103/205.216.163.90, 132, 120
172.16.115.5/208.134.246.201, 44, 40
172.16.117.103/205.185.55.49, 44, 40
172.16.116.201/208.226.198.94, 44, 40
172.16.116.201/209.185.102.232, 88, 80
172.16.115.5/204.123.2.93, 44, 40
172.16.113.204/205.181.112.46, 2069, 1528
172.16.117.132/209.160.40.166, 484, 440
172.16.113.105/204.140.12.228, 176, 160
172.16.117.103/208.214.174.76, 88, 80
172.16.115.87/207.68.161.39, 44, 40
172.16.114.168/205.181.112.217, 44, 40
172.16.113.204/204.152.167.20, 2223, 37057
172.16.117.52/209.73.64.121, 44, 40
172.16.113.84/192.208.46.102, 44, 40
172.16.115.87/139.72.190.30, 132, 120
172.16.117.111/204.162.156.13, 44, 40
172.16.114.207/135.13.216.191, 48909, 80527
172.16.114.207/207.158.250.102, 220, 200
172.16.116.194/208.204.243.247, 88, 80
172.16.112.149/208.228.229.225, 264, 240
172.16.113.84/204.250.200.22, 44, 40
197.218.177.69/172.16.114.169, 233940, 51520
172.16.112.194/187.187.187.187, 44, 40
172.16.115.5/206.196.140.2, 88, 80
172.16.115.87/207.68.149.15, 132, 120
172.16.117.52/192.208.46.131, 44, 40
172.16.114.168/143.158.16.69, 132, 120
172.16.113.204/206.99.246.5, 264, 240
172.16.117.111/204.244.193.11, 88, 80
172.16.116.194/207.25.144.19, 44, 40
172.16.114.168/136.149.142.178, 220, 200
172.16.117.132/142.147.15.9, 132, 120
172.16.115.5/137.245.85.134, 352, 320
172.16.117.111/152.163.212.171, 3350, 7450
172.16.112.194/135.8.60.182, 43328, 52905
172.16.115.5/199.104.78.3, 308, 280
196.37.75.158/192.168.1.20, 11736, 50354
172.16.117.111/206.243.238.248, 44, 40
172.16.117.103/131.151.1.19, 88, 80
172.16.115.87/207.25.71.145, 176, 160
172.16.117.52/128.192.252.5, 440, 400
172.16.112.149/206.214.219.102, 44, 40
172.16.114.169/194.27.251.21, 32543, 45249
172.16.114.207/140.139.57.153, 44, 40
172.16.113.204/207.32.88.29, 44, 40
172.16.114.168/209.3.101.30, 44, 40
172.16.113.84/197.218.177.69, 32496, 583686
172.16.115.5/171.21.80.34, 176, 160
172.16.117.132/208.226.198.46, 44, 40
172.16.117.111/198.93.24.27, 44, 40
172.16.115.5/206.16.140.4, 44, 40
172.16.115.234/207.153.7.154, 308, 280
172.16.114.168/204.71.180.10, 220, 200
172.16.115.5/192.41.9.232, 264, 240
172.16.117.52/206.132.25.71, 176, 160
172.16.112.207/208.221.32.46, 44, 40
172.16.117.111/207.155.125.158, 44, 40
172.16.117.132/207.121.191.72, 132, 120
172.16.117.111/205.219.138.154, 88, 80
172.16.117.132/209.143.212.231, 44, 40
172.16.114.168/195.67.49.17, 132, 120
172.16.115.5/204.251.139.35, 44, 40
172.16.116.201/208.135.9.251, 44, 40
172.16.112.194/206.27.130.150, 44, 40
172.16.112.194/208.140.130.7, 44, 40
172.16.115.87/204.123.2.75, 44, 40
172.16.115.5/209.113.183.114, 44, 40
172.16.113.204/209.133.35.165, 132, 120
172.16.115.87/207.159.129.103, 44, 40
172.16.113.105/209.1.206.128, 132, 120
172.16.113.105/208.9.156.175, 44, 40
172.16.115.87/209.70.1.161, 44, 40
172.16.112.149/192.254.26.2, 308, 280
172.16.117.52/205.214.59.221, 88, 80
172.16.114.148/194.7.248.153, 334330, 33752
172.16.117.103/199.104.78.3, 704, 640
172.16.117.132/204.17.6.160, 88, 80
172.16.114.148/207.46.148.250, 44, 40
172.16.113.204/12.10.32.34, 44, 40
172.16.117.132/192.96.145.4, 308, 280
192.168.1.10/172.16.112.50, 38029, 5707
172.16.114.207/209.67.3.82, 88, 80
172.16.113.105/207.178.60.136, 88, 80
172.16.117.103/167.8.29.16, 88, 80
172.16.114.169/135.13.216.191, 48895, 83442
172.16.117.111/208.6.210.55, 44, 40
172.16.117.132/203.97.45.15, 44, 40
172.16.117.111/209.3.101.139, 44, 40
172.16.114.169/208.147.89.70, 132, 120
172.16.114.169/151.196.95.207, 88, 80
172.16.117.103/207.18.199.6, 44, 40
172.16.115.5/204.29.144.16, 264, 240
172.16.114.207/198.202.75.101, 88, 80
172.16.114.169/205.181.112.29, 44, 40
172.16.117.132/192.150.12.103, 132, 120
172.16.112.149/134.131.80.9, 132, 120
172.16.117.132/187.187.187.187, 176, 160
172.16.114.169/204.29.20.21, 44, 40
172.16.117.132/199.242.23.2, 44, 40
172.16.115.87/207.87.1.51, 44, 40
172.16.115.87/209.68.21.99, 44, 40
172.16.112.207/135.13.216.191, 41148, 85014
172.16.117.103/204.123.2.75, 132, 120
172.16.117.52/205.228.184.153, 44, 40
172.16.117.132/205.181.112.29, 44, 40
172.16.116.201/206.217.169.205, 44, 40
172.16.116.201/205.181.112.36, 44, 40
172.16.117.111/204.17.42.16, 176, 160
172.16.112.207/38.176.11.51, 176, 160
172.16.114.169/208.135.9.251, 88, 80
172.16.112.207/205.160.191.2, 88, 80
172.16.117.111/205.160.191.2, 88, 80
194.27.251.21/172.16.113.84, 42049, 31307
197.182.91.233/172.16.114.207, 34553, 46518
172.16.112.149/129.48.28.13, 132, 120
172.16.114.169/195.115.218.108, 40510, 40596
172.16.115.87/207.240.140.100, 132, 120
172.16.116.201/205.181.112.29, 44, 40
172.16.114.148/205.181.112.66, 132, 120
172.16.113.204/196.227.33.189, 33614, 41611
172.16.115.87/207.25.71.86, 44, 40
172.16.116.194/151.193.131.9, 88, 80
172.16.115.5/131.151.1.19, 44, 40
172.16.115.5/199.185.131.62, 44, 40
172.16.117.132/207.82.250.251, 88, 80
172.16.117.132/208.135.9.251, 44, 40
172.16.113.105/207.8.225.130, 44, 40
172.16.114.169/129.79.74.155, 44, 40
172.16.116.201/134.205.165.120, 440, 400
172.16.117.132/196.37.75.158, 3251, 12310
172.16.117.103/194.229.131.1, 132, 0
172.16.112.149/128.32.195.46, 88, 80
172.16.116.194/209.19.139.185, 44, 40
172.16.114.168/205.228.184.153, 44, 40
172.16.117.103/208.201.252.114, 88, 80
172.16.115.5/198.3.99.101, 132, 120
172.16.113.105/207.158.238.107, 132, 120
172.16.115.5/187.187.187.187, 176, 160
172.16.117.103/205.147.50.59, 44, 40
172.16.115.87/205.232.88.166, 132, 120
192.168.1.10/172.16.113.204, 11031, 3369
172.16.115.234/206.137.188.7, 484, 440
172.16.115.87/206.33.210.10, 44, 40
172.16.117.103/128.120.134.2, 44, 40
172.16.115.5/192.12.64.13, 44, 40
172.16.115.87/143.166.82.11, 44, 40
172.16.117.111/199.76.198.54, 44, 40
172.16.114.168/208.204.243.247, 88, 80
172.16.116.201/204.123.2.75, 176, 160
172.16.113.105/167.8.29.16, 176, 160
172.16.117.111/192.254.26.2, 308, 280
172.16.113.105/207.25.71.178, 88, 80
172.16.113.105/207.25.71.37, 88, 80
172.16.114.168/205.231.210.13, 264, 240
172.16.116.194/199.183.24.253, 484, 440
172.16.114.168/167.8.29.15, 44, 40
172.16.113.204/207.68.181.154, 44, 40
172.16.116.194/134.205.165.120, 836, 760
172.16.115.87/204.141.25.78, 396, 360
172.16.115.5/206.132.25.71, 220, 200
172.16.116.201/204.29.20.21, 44, 40
172.16.112.194/137.245.85.134, 176, 160
172.16.116.201/207.178.60.136, 88, 80
172.16.114.169/204.123.2.93, 44, 40
172.16.114.168/198.5.167.131, 220, 200
172.16.113.105/209.132.68.26, 88, 80
172.16.114.148/194.27.251.21, 436379, 76124
172.16.117.52/208.134.241.222, 88, 80
196.37.75.158/172.16.112.207, 40707, 38760
172.16.115.5/207.121.190.172, 308, 280
172.16.117.111/209.130.63.160, 176, 160
172.16.117.52/151.193.131.25, 132, 120
